reference_no,company_name,job_title,min_experience,avg_salary,min_salary,max_salary,num_of_jobs,salary_spread,salary_per_exp_year
7834,TCS,Data Scientist,2,7.8,4.5,16.0,841,11.5,2.6
7862,Accenture,Data Scientist,2,12.8,5.8,23.0,501,17.2,4.266666666666667
5925,IBM,Data Scientist,2,13.4,5.3,25.0,394,19.7,4.466666666666667
7578,Cognizant,Data Scientist,2,9.8,5.0,18.0,318,13.0,3.266666666666667
7177,Capgemini,Data Scientist,2,8.6,4.8,14.6,300,9.8,2.8666666666666667
4018,Infosys,Data Scientist,2,9.3,4.5,24.0,228,19.5,3.1
8562,Wipro,Data Scientist,2,9.7,4.5,18.2,225,13.7,3.233333333333333
6212,Tech Mahindra,Data Scientist,2,7.6,4.1,15.4,218,11.3,2.533333333333333
8334,Fractal Analytics,Data Scientist,2,15.9,10.0,23.0,166,13.0,5.3
3930,Deloitte,Data Scientist,2,14.2,7.0,25.0,163,18.0,4.733333333333333
5436,Ericsson,Data Scientist,3,14.6,6.0,26.9,152,20.9,3.65
7445,HCL Technologies,Data Scientist,2,9.8,4.5,20.3,152,15.8,3.266666666666667
4215,Amazon,Data Scientist,2,28.1,9.5,50.0,140,40.5,9.366666666666667
8777,UnitedHealth,Data Scientist,2,14.8,8.3,21.5,120,13.2,4.933333333333334
1347,Mu Sigma,Data Scientist,1,7.4,5.0,12.0,116,7.0,3.7
3097,Ab Inbev,Data Scientist,2,20.6,15.0,26.2,116,11.2,6.866666666666667
1322,L&T Infotech,Data Scientist,2,11.6,6.5,20.9,102,14.399999999999999,3.8666666666666667
3990,Tiger Analytics,Data Scientist,2,14.8,9.0,20.0,102,11.0,4.933333333333334
8847,Optum,Data Scientist,2,16.6,11.0,22.5,101,11.5,5.533333333333334
3700,Ernst & Young,Data Scientist,2,12.4,6.7,20.0,96,13.3,4.133333333333334
8732,Mindtree,Data Scientist,2,10.6,4.8,18.7,94,13.899999999999999,3.533333333333333
5837,Walmart,Data Scientist,2,28.3,17.8,41.0,85,23.2,9.433333333333334
4163,DXC Technology,Data Scientist,2,10.0,4.4,15.5,83,11.1,3.3333333333333335
1769,Microsoft Corporation,Data Scientist,1,32.1,13.0,60.0,81,47.0,16.05
3026,Genpact,Data Scientist,2,12.2,5.5,20.0,74,14.5,4.066666666666666
6255,Hewlett-Packard Enterprise,Data Scientist,2,16.6,7.1,26.5,70,19.4,5.533333333333334
8658,Ford Motor,Data Scientist,2,14.4,10.0,20.0,64,10.0,4.8
7508,Reliance jio,Data Scientist,1,15.6,5.6,30.0,61,24.4,7.8
6502,Verizon,Data Scientist,3,14.2,9.9,21.8,58,11.9,3.55
2075,IQVIA,Data Scientist,2,11.4,6.9,22.0,58,15.1,3.8000000000000003
1093,Shell,Data Scientist,3,20.9,13.5,27.0,57,13.5,5.225
8466,PayPal,Data Scientist,3,27.7,15.0,45.0,57,30.0,6.925
1700,JP Morgan Chase,Data Scientist,2,20.5,12.0,31.0,56,19.0,6.833333333333333
2098,EXL Service,Data Scientist,1,14.0,7.6,21.0,55,13.4,7.0
1634,American Express,Data Scientist,2,17.7,10.8,26.0,48,15.2,5.8999999999999995
2073,Vodafone Idea,Data Scientist,2,13.4,6.0,20.0,45,14.0,4.466666666666667
2884,HDFC Bank,Data Scientist,0,15.3,9.0,22.2,44,13.2,15.3
6527,Great Learning,Data Scientist,0,9.3,7.0,13.8,44,6.800000000000001,9.3
6308,Reliance Industries,Data Scientist,1,10.4,6.0,21.0,42,15.0,5.2
5241,ZS,Data Scientist,1,16.9,10.0,25.0,42,15.0,8.45
2744,Oracle,Data Scientist,2,16.3,6.5,39.0,42,32.5,5.433333333333334
7417,Novartis Healthcare,Data Scientist,2,21.9,9.0,36.0,41,27.0,7.3
5750,TheMathCompany,Data Scientist,2,10.5,6.0,16.0,41,10.0,3.5
8050,PwC,Data Scientist,2,12.6,7.5,20.0,41,12.5,4.2
5007,SAP,Data Scientist,2,17.4,11.0,26.0,40,15.0,5.8
1554,Legato Health Technologies,Data Scientist,1,14.3,9.0,21.0,39,12.0,7.15
1582,Impact Analytics,Data Scientist,0,9.0,7.0,13.0,38,6.0,9.0
6534,Innominds Software,Data Scientist,1,10.7,6.5,15.2,37,8.7,5.35
5702,Flipkart,Data Scientist,0,23.2,14.7,42.0,37,27.3,23.2
8479,Innodatatics,Data Scientist,0,4.5,2.0,7.0,37,5.0,4.5
6834,KPMG,Data Scientist,2,14.1,9.0,20.0,36,11.0,4.7
4726,NTT DATA,Data Scientist,2,7.7,5.0,17.2,36,12.2,2.566666666666667
6624,HSBC,Data Scientist,2,14.1,8.5,23.9,36,15.399999999999999,4.7
4409,Societe Generale,Data Scientist,1,18.2,7.4,26.0,35,18.6,9.1
4038,Mphasis,Data Scientist,2,8.9,5.2,15.0,35,9.8,2.966666666666667
7493,Mercedes-Benz Research & Development India,Data Scientist,2,14.1,8.2,21.0,34,12.8,4.7
6130,BEPEC Solutions,Data Scientist,1,4.9,3.0,7.0,34,4.0,2.45
8451,Brillio,Data Scientist,1,16.0,9.0,24.0,33,15.0,8.0
2580,ABC,Data Scientist,2,19.2,6.5,35.0,32,28.5,6.3999999999999995
1232,WNS,Data Scientist,1,11.4,7.2,17.0,32,9.8,5.7
1843,Hexaware Technologies,Data Scientist,0,9.7,4.5,19.0,32,14.5,9.7
5007,International School of Engineering,Data Scientist,1,10.5,5.4,16.3,31,10.9,5.25
3353,Wells Fargo India,Data Scientist,2,15.4,5.5,31.2,31,25.7,5.133333333333334
1871,Kyndryl,Data Scientist,3,14.1,6.0,30.0,31,24.0,3.525
3678,eClerx,Data Scientist,2,9.3,6.0,16.7,30,10.7,3.1
1145,DBS Bank,Data Scientist,2,14.3,9.0,23.7,30,14.7,4.766666666666667
4465,Cyient,Data Scientist,2,10.4,5.0,18.5,30,13.5,3.466666666666667
6940,Nagarro,Data Scientist,1,12.1,7.0,18.0,29,11.0,6.05
2026,Freelancer.com,Data Scientist,1,7.1,3.0,15.0,29,12.0,3.55
1160,Cisco Systems,Data Scientist,2,19.0,12.0,32.5,28,20.5,6.333333333333333
5453,Bajaj Finserv,Data Scientist,1,11.9,7.5,19.4,28,11.899999999999999,5.95
7955,Dell,Data Scientist,1,17.0,8.0,27.0,27,19.0,8.5
2170,Dunnhumby,Data Scientist,1,12.9,8.5,18.0,26,9.5,6.45
4548,Honeywell Technology Solutions,Data Scientist,2,15.1,8.5,23.4,26,14.899999999999999,5.033333333333333
3997,Bristlecone,Data Scientist,1,9.0,6.6,11.5,26,4.9,4.5
3756,Sigmoid Analytics,Data Scientist,0,14.9,11.0,20.0,26,9.0,14.9
5538,Applied Materials,Data Scientist,2,14.2,7.0,22.0,26,15.0,4.733333333333333
6821,Citicorp,Data Scientist,2,19.2,14.0,23.5,26,9.5,6.3999999999999995
1099,Siemens,Data Scientist,2,13.5,7.8,24.0,26,16.2,4.5
4945,MasterCard,Data Scientist,2,19.6,12.1,25.3,26,13.200000000000001,6.533333333333334
1930,Bosch Global Software Technologies,Data Scientist,2,11.9,7.0,16.6,25,9.600000000000001,3.966666666666667
2859,Wolters Kluwer,Data Scientist,0,12.5,9.9,17.6,25,7.700000000000001,12.5
1335,Birlasoft,Data Scientist,2,8.0,4.0,12.7,25,8.7,2.6666666666666665
6721,Atos,Data Scientist,2,13.0,5.0,28.0,25,23.0,4.333333333333333
3168,Info Edge,Data Scientist,0,16.9,12.0,24.0,25,12.0,16.9
6267,VMware Software,Data Scientist,4,23.6,11.5,32.1,25,20.6,4.720000000000001
5215,Course5,Data Scientist,1,8.1,4.0,12.7,25,8.7,4.05
4062,Bridgei2i Analytics Solutions,Data Scientist,2,9.4,6.0,14.4,24,8.4,3.1333333333333333
8614,Larsen & Toubro Limited,Data Scientist,1,9.4,4.5,23.0,24,18.5,4.7
7202,iNeuron.ai,Data Scientist,0,5.1,3.0,8.0,24,5.0,5.1
4119,Tredence,Data Scientist,2,14.4,8.0,19.0,23,11.0,4.8
6033,Enquero,Data Scientist,0,11.5,5.0,16.2,23,11.2,11.5
5746,R Systems International,Data Scientist,2,16.2,7.5,24.4,23,16.9,5.3999999999999995
3004,UST,Data Scientist,3,9.8,6.5,15.0,23,8.5,2.45
4787,Cgi Group,Data Scientist,2,8.2,4.2,14.0,23,9.8,2.733333333333333
2749,Bank of America,Data Scientist,2,22.8,13.2,30.3,23,17.1,7.6000000000000005
3684,Axis Bank,Data Scientist,1,11.7,7.9,18.0,23,10.1,5.85
7892,Ganit Business Solutions,Data Scientist,3,12.6,8.5,16.0,23,7.5,3.15
4651,Virtusa Consulting Services,Data Scientist,1,9.7,4.8,15.6,22,10.8,4.85
2352,ITC Infotech India,Data Scientist,2,10.9,4.1,20.5,22,16.4,3.6333333333333333
4307,Gramener,Data Scientist,1,9.8,7.5,14.0,22,6.5,4.9
1185,Subex,Data Scientist,1,10.8,8.2,13.7,22,5.5,5.4
7236,Xoriant,Data Scientist,2,10.4,5.3,17.6,22,12.3,3.466666666666667
5318,Caterpillar Inc,Data Scientist,2,12.8,7.7,18.0,21,10.3,4.266666666666667
3508,ICICI Bank,Data Scientist,0,11.9,5.0,20.0,21,15.0,11.9
8321,Freelance Consultants,Data Scientist,1,10.2,3.2,24.0,21,20.8,5.1
4710,Sutherland Global Services,Data Scientist,1,8.5,5.1,12.3,21,7.200000000000001,4.25
2597,Prodapt Solutions,Data Scientist,1,6.9,3.3,16.0,21,12.7,3.45
5388,Rubixe,Data Scientist,0,4.7,2.4,9.0,21,6.6,4.7
4757,NDS InfoServ,Data Scientist,0,9.1,5.0,12.0,20,7.0,9.1
7722,Zensar Technologies,Data Scientist,1,8.2,4.2,15.5,20,11.3,4.1
4470,Fidelity National Information Services,Data Scientist,3,10.9,7.3,18.6,20,11.3,2.725
4941,KPIT Technologies,Data Scientist,1,7.7,4.5,15.0,20,10.5,3.85
3365,Citibank,Data Scientist,2,17.3,10.0,24.2,20,14.2,5.766666666666667
4013,ValueLabs,Data Scientist,2,14.6,7.0,22.5,20,15.5,4.866666666666666
3653,ABB Group,Data Scientist,2,13.0,8.3,19.0,20,10.7,4.333333333333333
2520,L&T Financial Services,Data Scientist,1,9.3,8.2,12.5,20,4.300000000000001,4.65
2087,Value c Consulting India,Data Scientist,2,5.2,4.2,6.0,20,1.7999999999999998,1.7333333333333334
2584,Lumiq.ai,Data Scientist,0,8.3,6.0,13.0,20,7.0,8.3
7885,Flip Robo Technologies,Data Scientist,1,4.7,3.0,7.9,20,4.9,2.35
8008,Philips,Data Scientist,3,17.9,11.2,30.0,19,18.8,4.475
1973,Nokia,Data Scientist,2,13.0,6.2,24.0,19,17.8,4.333333333333333
1317,Confidential,Data Scientist,1,8.5,4.1,18.5,19,14.4,4.25
6614,Tata Technologies,Data Scientist,0,6.6,4.8,9.2,19,4.3999999999999995,6.6
3712,Nielsen,Data Scientist,1,7.0,6.0,10.0,19,4.0,3.5
8220,Kantar,Data Scientist,3,11.5,6.4,18.0,19,11.6,2.875
3175,Persistent Systems,Data Scientist,2,10.5,5.8,17.0,19,11.2,3.5
5745,Exl India,Data Scientist,1,14.0,10.0,18.0,19,8.0,7.0
1389,Blue Yonder,Data Scientist,3,20.6,15.1,26.0,19,10.9,5.15
8933,Brane Enterprises,Data Scientist,1,14.0,8.0,22.5,19,14.5,7.0
4768,Micron Technology,Data Scientist,0,16.4,11.4,25.0,19,13.6,16.4
4243,Indegene,Data Scientist,0,9.6,8.0,14.5,18,6.5,9.6
8862,CARS24.com,Data Scientist,1,20.3,14.5,24.0,18,9.5,10.15
5418,GlobalLogic,Data Scientist,2,14.6,4.0,26.0,18,22.0,4.866666666666666
4598,Maersk,Data Scientist,4,20.9,14.0,31.0,18,17.0,4.18
5705,Barclays,Data Scientist,2,18.2,13.6,25.0,18,11.4,6.066666666666666
7811,Indium Software,Data Scientist,1,7.9,5.0,12.0,18,7.0,3.95
1171,Celebal Technologies,Data Scientist,0,8.6,5.7,13.0,18,7.3,8.6
2793,Affine Analytics,Data Scientist,1,9.7,6.3,18.0,18,11.7,4.85
3797,Fidelity Investment,Data Scientist,3,23.4,13.8,36.0,18,22.2,5.85
3373,Jio Platforms,Data Scientist,2,13.9,7.0,23.0,18,16.0,4.633333333333334
7971,Happiest Minds Technologies,Data Scientist,1,8.7,5.2,14.0,17,8.8,4.35
5151,Adobe,Data Scientist,3,29.4,20.0,44.0,17,24.0,7.35
7118,CitiusTech,Data Scientist,2,10.4,5.8,17.5,17,11.7,3.466666666666667
5497,Scienaptic Systems,Data Scientist,0,14.6,8.0,19.0,17,11.0,14.6
2525,Boeing,Data Scientist,1,19.4,13.5,35.0,17,21.5,9.7
2394,Citigroup,Data Scientist,1,18.4,13.5,27.5,17,14.0,9.2
1823,Marlabs,Data Scientist,0,9.3,5.5,20.6,16,15.100000000000001,9.3
1326,TransOrg Analytics,Data Scientist,1,9.4,7.0,13.5,16,6.5,4.7
7642,T-Systems,Data Scientist,3,14.1,7.8,24.0,16,16.2,3.525
6985,Sopra Steria,Data Scientist,3,12.1,8.0,19.7,16,11.7,3.025
7237,Apexon,Data Scientist,2,7.5,4.9,10.8,16,5.9,2.5
6915,Embibe,Data Scientist,0,16.6,12.0,21.0,16,9.0,16.6
7668,Quest Global,Data Scientist,2,6.7,4.8,8.5,16,3.7,2.2333333333333334
4290,Harman Connected Services,Data Scientist,3,13.6,7.0,26.5,16,19.5,3.4
2938,Exxon Mobil,Data Scientist,2,23.2,14.0,30.1,16,16.1,7.733333333333333
3809,Ugam Solution,Data Scientist,0,9.8,5.0,15.0,16,10.0,9.8
4986,L&T Technology Services,Data Scientist,1,8.7,4.3,18.0,16,13.7,4.35
6053,Credit Suisse,Data Scientist,2,17.4,11.0,26.0,16,15.0,5.8
8474,Iris Software,Data Scientist,5,18.5,11.5,25.8,16,14.3,3.0833333333333335
8125,Delhivery,Data Scientist,1,15.6,10.0,20.8,16,10.8,7.8
3506,Abzooba India Infotech,Data Scientist,1,15.0,8.5,20.1,16,11.600000000000001,7.5
2246,Sonata Software,Data Scientist,1,8.1,4.8,12.0,15,7.2,4.05
2368,Incedo,Data Scientist,1,12.2,7.0,20.0,15,13.0,6.1
5896,Go-Jek,Data Scientist,3,30.5,16.5,44.0,15,27.5,7.625
8893,GE,Data Scientist,2,14.3,8.4,24.0,15,15.6,4.766666666666667
8061,Fiserv,Data Scientist,3,12.1,8.0,17.0,15,9.0,3.025
1973,UBS,Data Scientist,2,15.2,10.2,22.0,15,11.8,5.066666666666666
7863,Quantiphi Analytics Solutions,Data Scientist,0,9.8,7.0,16.0,15,9.0,9.8
1415,Amdocs,Data Scientist,2,8.5,6.0,12.0,15,6.0,2.8333333333333335
5973,Apple,Data Scientist,2,33.6,8.2,74.5,15,66.3,11.200000000000001
7248,Oyo Rooms,Data Scientist,0,14.7,10.0,20.5,14,10.5,14.7
4274,iOPEX Technologies,Data Scientist,1,7.9,3.5,12.0,14,8.5,3.95
6032,Yash Technologies,Data Scientist,2,11.2,7.5,16.0,14,8.5,3.733333333333333
5813,Franklin Templeton Investments,Data Scientist,3,27.7,15.0,45.0,14,30.0,6.925
8498,N+A,Data Scientist,0,8.6,2.4,15.0,14,12.6,8.6
4553,ICICI Lombard General Insurance Company,Data Scientist,0,12.1,7.4,15.4,14,8.0,12.1
3091,Reserve Bank Information Technology,Data Scientist,2,15.9,8.0,23.5,14,15.5,5.3
5037,o9 Solutions,Data Scientist,1,13.8,11.0,17.5,14,6.5,6.9
8979,HTC Global Services,Data Scientist,1,6.4,3.6,10.0,13,6.4,3.2
2289,Accolite Digital,Data Scientist,0,14.5,6.0,19.5,13,13.5,14.5
8250,Wipro Digital,Data Scientist,1,11.1,7.0,17.5,13,10.5,5.55
6861,CSS Corp,Data Scientist,0,10.2,7.0,14.5,13,7.5,10.2
6434,Morgan Stanley,Data Scientist,2,18.1,10.5,23.6,13,13.100000000000001,6.033333333333334
2855,Zee Entertainment Enterprises,Data Scientist,1,16.7,13.2,23.0,13,9.8,8.35
6737,Ola Cabs,Data Scientist,1,21.9,13.0,30.0,13,17.0,10.95
3242,NatWest Markets,Data Scientist,1,16.0,11.0,26.0,13,15.0,8.0
7193,Myntra,Data Scientist,2,16.9,8.3,33.0,13,24.7,5.633333333333333
4991,TCS,Business Analyst,2,6.9,3.0,12.0,4200,9.0,2.3000000000000003
5052,Accenture,Business Analyst,1,7.0,2.7,14.7,1900,12.0,3.5
4079,Genpact,Business Analyst,1,6.4,4.5,9.0,1700,4.5,3.2
2938,Wipro,Business Analyst,2,8.6,4.2,15.5,1200,11.3,2.8666666666666667
8747,Cognizant,Business Analyst,1,8.6,4.5,14.0,1100,9.5,4.3
2705,Deloitte,Business Analyst,1,7.8,5.0,12.0,991,7.0,3.9
5065,HCL Technologies,Business Analyst,1,6.6,2.3,14.2,714,11.899999999999999,3.3
6400,Evalueserve,Business Analyst,1,6.5,4.7,8.5,693,3.8,3.25
5084,Infosys,Business Analyst,1,8.9,4.4,16.5,692,12.1,4.45
3139,IBM,Business Analyst,2,8.3,4.0,16.0,662,12.0,2.766666666666667
3059,DXC Technology,Business Analyst,2,7.7,4.1,13.0,580,8.9,2.566666666666667
7033,Tech Mahindra,Business Analyst,2,7.6,3.8,15.0,575,11.2,2.533333333333333
4422,American Express,Business Analyst,1,8.3,3.0,19.0,539,16.0,4.15
3828,Capgemini,Business Analyst,2,9.1,4.3,15.0,531,10.7,3.033333333333333
3430,Societe Generale,Business Analyst,3,13.5,7.6,21.0,514,13.4,3.375
8905,EXL Service,Business Analyst,0,6.2,4.5,8.5,476,4.0,6.2
2779,Amazon,Business Analyst,2,11.3,4.8,20.0,445,15.2,3.766666666666667
1062,HSBC,Business Analyst,2,12.1,5.0,21.0,382,16.0,4.033333333333333
3008,ICICI Bank,Business Analyst,1,6.7,4.0,12.6,326,8.6,3.35
4230,JP Morgan Chase,Business Analyst,2,12.4,5.7,21.7,323,16.0,4.133333333333334
8110,Zomato,Business Analyst,1,10.7,8.3,12.0,274,3.6999999999999993,5.35
2571,L&T Infotech,Business Analyst,2,9.7,4.5,16.6,271,12.100000000000001,3.233333333333333
3742,Shell,Business Analyst,4,19.5,12.0,30.0,258,18.0,3.9
8882,Barclays,Business Analyst,2,12.3,5.5,19.4,255,13.899999999999999,4.1000000000000005
5353,Cgi Group,Business Analyst,2,6.9,4.7,11.0,252,6.3,2.3000000000000003
6214,Oracle,Business Analyst,1,5.5,3.4,10.0,243,6.6,2.75
2810,Amdocs,Business Analyst,4,12.1,6.8,20.0,236,13.2,2.42
6444,Conduent,Business Analyst,2,6.1,4.0,9.4,225,5.4,2.033333333333333
4340,Fidelity National Information Services,Business Analyst,3,10.8,5.8,18.0,214,12.2,2.7
8629,HDFC Bank,Business Analyst,2,7.9,4.1,12.0,208,7.9,2.6333333333333333
8282,Novo Nordisk,Business Analyst,4,11.5,8.0,15.2,207,7.199999999999999,2.3
5935,Axis Bank,Business Analyst,1,9.7,4.2,15.0,199,10.8,4.85
6202,Ernst & Young,Business Analyst,1,8.8,4.0,20.0,198,16.0,4.4
3346,Credit Suisse,Business Analyst,2,15.2,10.0,23.0,179,13.0,5.066666666666666
5309,Hewlett-Packard Enterprise,Business Analyst,2,6.7,3.6,11.5,175,7.9,2.2333333333333334
4779,CG Foods,Business Analyst,0,4.8,2.0,10.0,175,8.0,4.8
1279,Quantiphi Analytics Solutions,Business Analyst,0,8.9,6.5,13.0,167,6.5,8.9
8859,NetCracker,Business Analyst,5,18.7,12.0,28.0,159,16.0,3.1166666666666667
7549,Oyo Rooms,Business Analyst,0,10.2,6.0,14.0,153,8.0,10.2
1356,VMware Software,Business Analyst,3,9.8,6.0,15.0,153,9.0,2.45
8080,Mphasis,Business Analyst,1,10.0,3.5,19.0,151,15.5,5.0
1024,Exl India,Business Analyst,0,6.3,4.5,8.6,147,4.1,6.3
1469,Mindtree,Business Analyst,2,9.5,5.5,15.0,144,9.5,3.1666666666666665
6070,Newgen Software Technologies,Business Analyst,2,9.3,7.0,11.5,138,4.5,3.1
7204,NTT DATA,Business Analyst,2,7.3,4.5,14.0,133,9.5,2.433333333333333
2033,Hexaware Technologies,Business Analyst,2,10.0,4.2,16.8,131,12.600000000000001,3.3333333333333335
3208,Temenos,Business Analyst,2,8.8,5.6,12.2,128,6.6,2.9333333333333336
8095,Wells Fargo India,Business Analyst,3,12.0,6.2,20.8,128,14.600000000000001,3.0
7113,Barclays Shared Services,Business Analyst,1,8.3,3.8,14.2,127,10.399999999999999,4.15
6065,Bridgei2i Analytics Solutions,Business Analyst,0,6.0,5.0,8.0,124,3.0,6.0
4560,Tata Technologies,Business Analyst,3,6.4,4.3,8.9,119,4.6000000000000005,1.6
4770,Standard Chartered Bank,Business Analyst,2,12.0,6.0,20.0,117,14.0,4.0
6767,Mu Sigma,Business Analyst,1,6.9,5.5,9.0,116,3.5,3.45
1792,Virtusa Consulting Services,Business Analyst,2,10.6,5.0,18.5,111,13.5,3.533333333333333
7720,Allianz Technology,Business Analyst,3,8.2,5.1,12.0,110,6.9,2.05
8920,Kotak Mahindra Bank,Business Analyst,1,7.5,3.0,15.5,106,12.5,3.75
4868,Citicorp,Business Analyst,2,15.6,7.8,21.3,106,13.5,5.2
6540,BNP Paribas,Business Analyst,3,10.7,6.7,16.3,105,9.600000000000001,2.675
5094,UST,Business Analyst,3,11.1,5.5,17.5,103,12.0,2.775
2991,Flipkart,Business Analyst,1,12.3,4.7,18.9,103,14.2,6.15
2187,Barclays Global Service Centre,Business Analyst,1,11.7,4.5,21.6,102,17.1,5.85
1495,BNY Mellon,Business Analyst,3,8.5,4.5,17.5,101,13.0,2.125
4249,Optum,Business Analyst,2,8.6,4.8,17.1,100,12.3,2.8666666666666667
1651,Ola Cabs,Business Analyst,0,11.3,7.7,15.0,99,7.3,11.3
5470,UBS,Business Analyst,2,14.5,7.5,23.5,97,16.0,4.833333333333333
6625,Odessa,Business Analyst,1,11.0,8.4,13.0,96,4.6,5.5
3764,bnp paribas india solutions,Business Analyst,3,10.2,6.5,15.0,96,8.5,2.55
4233,UnitedHealth,Business Analyst,2,8.3,5.0,13.0,95,8.0,2.766666666666667
4270,HCL Technologies BPO Services,Business Analyst,1,2.3,1.6,4.0,95,2.4,1.15
5516,Ramco Systems,Business Analyst,1,7.6,4.5,10.5,94,6.0,3.8
3290,Tredence,Business Analyst,0,6.9,6.1,8.5,92,2.4000000000000004,6.9
4802,Novartis Healthcare,Business Analyst,1,10.0,7.0,14.2,92,7.199999999999999,5.0
1167,Atos Syntel,Business Analyst,2,7.6,4.0,13.0,92,9.0,2.533333333333333
2387,Cisco Systems,Business Analyst,2,12.5,6.0,20.5,90,14.5,4.166666666666667
6351,ITC Infotech India,Business Analyst,1,7.8,4.5,14.0,90,9.5,3.9
5121,Deutsche Bank,Business Analyst,2,9.1,3.3,19.0,89,15.7,3.033333333333333
8507,Dell,Business Analyst,2,7.0,4.6,10.2,89,5.6,2.3333333333333335
5516,Paytm,Business Analyst,1,7.7,3.9,15.0,89,11.1,3.85
1192,3i Infotech,Business Analyst,1,6.1,3.9,8.8,88,4.9,3.05
1140,KPMG,Business Analyst,1,8.2,3.6,16.0,87,12.4,4.1
6905,Fiserv,Business Analyst,3,11.6,7.0,20.0,86,13.0,2.9
5289,Zensar Technologies,Business Analyst,2,6.7,4.1,14.5,85,10.4,2.2333333333333334
6445,Legato Health Technologies,Business Analyst,3,8.0,5.0,14.0,85,9.0,2.0
5643,Swiggy,Business Analyst,1,13.2,8.0,16.5,85,8.5,6.6
2750,GEP Worldwide,Business Analyst,0,6.4,5.0,8.5,84,3.5,6.4
3854,Intellect Design Arena,Business Analyst,2,11.2,5.8,16.7,83,10.899999999999999,3.733333333333333
8135,Standard Chartered Global Business Services,Business Analyst,2,12.7,5.6,23.2,81,17.6,4.233333333333333
8247,ZS,Business Analyst,1,9.6,7.0,12.8,80,5.800000000000001,4.8
8221,Concentrix Corporation,Business Analyst,1,5.4,2.8,12.0,80,9.2,2.7
1921,Reliance jio,Business Analyst,1,6.8,3.6,15.0,79,11.4,3.4
3848,NatWest Group,Business Analyst,2,9.5,3.5,18.8,79,15.3,3.1666666666666665
2691,IQVIA,Business Analyst,1,8.3,4.5,16.7,78,12.2,4.15
4898,PwC,Business Analyst,1,9.9,4.5,17.5,77,13.0,4.95
5810,ValueMomentum,Business Analyst,1,6.1,3.8,9.5,75,5.7,3.05
8392,ADP Solutions,Business Analyst,3,8.2,5.3,15.1,74,9.8,2.05
8346,Provana,Business Analyst,1,4.8,3.5,6.5,73,3.0,2.4
7378,ANR Software,Business Analyst,1,4.5,3.1,7.0,71,3.9,2.25
5916,WNS,Business Analyst,1,6.8,3.8,12.0,69,8.2,3.4
4347,Oracle Financial Services Software,Business Analyst,3,10.2,5.6,16.5,69,10.9,2.55
2581,RevGurus Info India,Business Analyst,0,8.3,5.8,11.0,68,5.2,8.3
5789,Sapiens,Business Analyst,2,12.5,8.0,16.7,67,8.7,4.166666666666667
4982,Etech Global Services,Business Analyst,1,6.4,4.4,8.4,67,4.0,3.2
4049,Citibank,Business Analyst,2,16.7,8.0,24.3,66,16.3,5.566666666666666
6179,Coforge,Business Analyst,5,16.1,8.3,24.0,66,15.7,2.6833333333333336
6543,ABC,Business Analyst,3,13.6,5.2,25.0,63,19.8,3.4
6658,Merkle Sokrati,Business Analyst,0,4.5,4.2,5.0,61,0.7999999999999998,4.5
7891,First Source,Business Analyst,1,4.4,2.7,7.0,60,4.3,2.2
3364,Meesho,Business Analyst,0,14.0,8.5,18.0,60,9.5,14.0
3070,Ebix Software India,Business Analyst,2,7.0,4.5,11.5,60,7.0,2.3333333333333335
3864,Indus Valley Partners,Business Analyst,1,17.0,14.0,20.0,60,6.0,8.5
7264,Schlumberger,Business Analyst,3,14.5,9.0,21.0,59,12.0,3.625
5586,Capita,Business Analyst,1,5.9,2.3,13.0,58,10.7,2.95
4648,CRMnext,Business Analyst,1,6.6,5.0,8.0,58,3.0,3.3
1910,NeoSoft Technologies,Business Analyst,1,6.9,3.1,10.0,57,6.9,3.45
4406,NSE.IT,Business Analyst,1,6.8,3.5,12.5,56,9.0,3.4
8516,Nokia,Business Analyst,2,9.3,5.5,16.6,56,11.100000000000001,3.1
8166,Capco Technologies,Business Analyst,3,13.9,6.0,22.0,56,16.0,3.475
6012,eClerx,Business Analyst,1,3.7,2.3,9.3,55,7.000000000000001,1.85
7955,Affine Analytics,Business Analyst,0,6.8,6.0,8.3,55,2.3000000000000007,6.8
6869,Exela Technologies,Business Analyst,3,8.3,5.1,12.0,54,6.9,2.075
8158,Analytics Quotient,Business Analyst,1,5.3,4.0,6.8,53,2.8,2.65
6463,NIIT Technologies,Business Analyst,3,11.1,7.0,17.8,53,10.8,2.775
6317,QualityKiosk Technologies,Business Analyst,2,7.7,3.6,13.0,53,9.4,2.566666666666667
3504,Fidelity Investment,Business Analyst,2,9.9,6.8,16.0,53,9.2,3.3000000000000003
8269,Altisource,Business Analyst,2,5.5,3.3,9.0,52,5.7,1.8333333333333333
6308,Polestar Solutions & Services India,Business Analyst,0,6.1,4.2,8.8,52,4.6000000000000005,6.1
1955,Veeraraghavan & Company,Business Analyst,0,1.7,1.2,2.3,52,1.0999999999999999,1.7
1490,Verizon,Business Analyst,3,10.5,6.3,16.3,51,10.0,2.625
3225,BYJU'S,Business Analyst,1,7.7,4.0,13.0,51,9.0,3.85
8151,Bank of America,Business Analyst,3,14.1,8.1,21.5,51,13.4,3.525
4840,Better.com,Business Analyst,1,7.8,6.0,11.2,51,5.199999999999999,3.9
2920,KJ System,Business Analyst,1,2.9,2.4,3.6,50,1.2000000000000002,1.45
3477,ValueLabs,Business Analyst,4,11.3,6.1,18.5,50,12.4,2.2600000000000002
7643,Xyz Company,Business Analyst,3,12.3,4.4,23.0,50,18.6,3.075
6286,IndusInd Bank,Business Analyst,2,8.0,4.0,14.3,49,10.3,2.6666666666666665
3570,Vinculum Solutions,Business Analyst,1,8.8,6.0,13.0,49,7.0,4.4
6981,Confidential,Business Analyst,1,8.3,4.2,16.0,49,11.8,4.15
7654,Infosys BPM,Business Analyst,0,6.0,2.5,13.0,49,10.5,6.0
2332,General Mills,Business Analyst,2,9.7,7.0,12.0,48,5.0,3.233333333333333
6733,Yash Technologies,Business Analyst,4,8.9,6.1,12.3,48,6.200000000000001,1.78
8293,Shipco Transport,Business Analyst,1,3.4,2.1,5.0,48,2.9,1.7
4542,Aon,Business Analyst,2,5.4,3.5,9.6,48,6.1,1.8
3305,Persistent Systems,Business Analyst,4,12.5,8.5,18.4,48,9.899999999999999,2.5
5723,Unisys,Business Analyst,2,7.7,4.0,12.0,48,8.0,2.566666666666667
8884,Azentio,Business Analyst,0,7.1,4.3,11.0,47,6.7,7.1
5848,Synechron,Business Analyst,4,16.4,9.9,22.0,46,12.1,3.28
5704,Ford Motor,Business Analyst,2,8.1,2.9,14.0,46,11.1,2.6999999999999997
6202,Birlasoft,Business Analyst,2,8.5,4.5,15.0,45,10.5,2.8333333333333335
5757,Cybage,Business Analyst,5,14.6,10.1,20.0,45,9.9,2.433333333333333
7343,Lentra AI,Business Analyst,1,6.8,4.1,11.0,45,6.9,3.4
5725,N+A,Business Analyst,1,6.3,2.5,11.0,44,8.5,3.15
5330,IVY Comptech,Business Analyst,4,14.6,8.5,20.0,44,11.5,2.92
6304,S&P Global,Business Analyst,3,11.1,7.5,17.0,44,9.5,2.775
8355,Gartner,Business Analyst,1,14.2,10.0,19.0,44,9.0,7.1
5784,Acidaes Solutions,Business Analyst,2,7.0,5.0,10.0,43,5.0,2.3333333333333335
1805,Udaan,Business Analyst,1,11.6,4.8,18.0,43,13.2,5.8
5597,Reliance Industries,Business Analyst,2,8.1,4.9,14.4,43,9.5,2.6999999999999997
6864,Dell EMC,Business Analyst,2,6.6,3.8,10.1,43,6.3,2.1999999999999997
1260,GlobalLogic,Business Analyst,2,9.0,2.5,20.0,43,17.5,3.0
4239,eClinicalWorks,Business Analyst,2,5.3,3.8,8.3,43,4.500000000000001,1.7666666666666666
8383,ThoughtWorks,Business Analyst,2,14.7,8.5,26.0,43,17.5,4.8999999999999995
8983,Landmark Group,Business Analyst,2,11.6,7.5,15.0,43,7.5,3.8666666666666667
5379,Merilytics,Business Analyst,0,7.0,5.5,8.0,42,2.5,7.0
2570,Care Health Insurance,Business Analyst,0,5.9,3.3,8.4,42,5.1000000000000005,5.9
8704,Epsilon,Business Analyst,2,9.7,6.0,16.5,41,10.5,3.233333333333333
8052,Gartner India Research and Advisory Services,Business Analyst,2,15.4,10.0,20.0,41,10.0,5.133333333333334
4612,Globant,Business Analyst,3,13.3,9.0,20.9,41,11.899999999999999,3.325
8989,Franklin Templeton Investments,Business Analyst,4,8.2,4.7,12.5,40,7.8,1.64
7073,Atidiv,Business Analyst,1,3.0,2.2,4.0,40,1.7999999999999998,1.5
2955,Maersk,Business Analyst,4,8.9,5.0,16.0,40,11.0,1.78
5049,Pboplus Consulting Services,Business Analyst,0,4.0,3.0,5.2,40,2.2,4.0
3691,Reliance Retail,Business Analyst,1,7.0,3.5,13.0,40,9.5,3.5
5111,Larsen & Toubro Limited,Business Analyst,0,8.5,3.8,14.0,40,10.2,8.5
8570,TEKsystems,Business Analyst,3,12.0,7.1,18.5,40,11.4,3.0
5275,Hindustan Unilever,Business Analyst,2,7.1,3.4,10.7,39,7.299999999999999,2.3666666666666667
7690,Tata Communications,Business Analyst,1,5.0,2.9,9.2,39,6.299999999999999,2.5
5978,Ameriprise Financial,Business Analyst,1,5.9,3.9,9.3,39,5.4,2.95
5323,Goldman Sachs,Business Analyst,0,14.9,6.5,30.0,39,23.5,14.9
5204,Factspan Analytics,Business Analyst,1,8.1,6.5,10.0,39,3.5,4.05
6064,MSC Technology India,Business Analyst,1,4.3,2.9,5.7,39,2.8000000000000003,2.15
3744,Simplify Healthcare,Business Analyst,1,5.8,4.0,9.5,39,5.5,2.9
6436,CMS Computers Limited (INDIA),Business Analyst,1,4.0,2.6,6.0,39,3.4,2.0
1909,Fluentgrid,Business Analyst,2,5.5,3.2,8.8,38,5.6000000000000005,1.8333333333333333
6352,Bajaj Finserv,Business Analyst,1,9.0,3.8,13.0,38,9.2,4.5
7099,Ericsson,Business Analyst,3,9.7,5.1,16.0,38,10.9,2.425
4181,Sonata Software,Business Analyst,1,7.8,5.0,11.5,37,6.5,3.9
8230,CitiusTech,Business Analyst,2,9.0,6.4,12.1,37,5.699999999999999,3.0
7723,R1 RCM,Business Analyst,1,3.8,2.7,6.7,37,4.0,1.9
1525,TCS,Data Analyst,1,4.7,2.4,8.9,1600,6.5,2.35
5783,Cognizant,Data Analyst,1,5.5,2.9,8.3,1200,5.4,2.75
3384,Accenture,Data Analyst,1,5.2,2.3,11.0,1100,8.7,2.6
3229,Capgemini,Data Analyst,0,4.6,3.0,9.0,485,6.0,4.6
3865,Wipro,Data Analyst,1,4.8,2.2,9.0,475,6.8,2.4
4313,GlobalLogic,Data Analyst,1,2.5,2.0,3.5,415,1.5,1.25
7435,Tech Mahindra,Data Analyst,1,4.6,2.2,7.5,397,5.3,2.3
7620,Amazon,Data Analyst,1,5.2,2.5,15.3,380,12.8,2.6
5722,Infosys,Data Analyst,1,5.7,3.4,12.0,323,8.6,2.85
4754,HCL Technologies,Data Analyst,1,4.5,2.4,9.5,320,7.1,2.25
8750,eClerx,Data Analyst,0,2.5,2.0,3.9,302,1.9,2.5
5265,IBM,Data Analyst,2,7.6,4.0,15.5,297,11.5,2.533333333333333
1932,Ernst & Young,Data Analyst,1,5.8,3.4,10.5,297,7.1,2.9
7089,Flipkart,Data Analyst,1,5.9,3.2,12.0,241,8.8,2.95
1715,Genpact,Data Analyst,1,4.7,2.5,9.0,228,6.5,2.35
7423,Optum,Data Analyst,2,12.8,6.0,19.0,219,13.0,4.266666666666667
5924,Concentrix Corporation,Data Analyst,1,3.9,2.4,6.3,209,3.9,1.95
1495,Deloitte,Data Analyst,1,7.6,4.3,13.0,202,8.7,3.8
7677,Zen3 Info Solutions,Data Analyst,1,3.1,2.2,4.2,188,2.0,1.55
7125,Unilog Content Solutions ( P),Data Analyst,1,2.5,2.0,3.2,181,1.2000000000000002,1.25
4866,Cogencis Information Services,Data Analyst,1,1.7,1.2,2.6,175,1.4000000000000001,0.85
5305,UnitedHealth,Data Analyst,2,10.7,3.3,18.0,171,14.7,3.5666666666666664
4292,Qualsquad Infotech,Data Analyst,0,2.0,1.1,3.0,149,1.9,2.0
2746,NTT DATA,Data Analyst,1,4.3,2.1,8.0,138,5.9,2.15
7855,InnovAccer,Data Analyst,0,9.2,5.0,13.0,137,8.0,9.2
8565,Teleperformance,Data Analyst,1,2.4,1.8,4.4,132,2.6000000000000005,1.2
1372,Mindtree,Data Analyst,1,5.6,4.0,9.6,132,5.6,2.8
4169,Ericsson,Data Analyst,2,5.8,4.0,10.0,126,6.0,1.9333333333333333
8066,Apex CoVantage,Data Analyst,0,1.8,1.1,3.0,123,1.9,1.8
8119,Tiger Analytics,Data Analyst,0,8.8,7.5,12.0,120,4.5,8.8
6492,Cyient,Data Analyst,1,3.4,1.8,6.7,119,4.9,1.7
6332,Urjanet Energy Solutions,Data Analyst,1,2.7,2.0,4.2,118,2.2,1.35
8641,HSBC,Data Analyst,1,8.0,3.4,12.4,117,9.0,4.0
4076,DXC Technology,Data Analyst,1,5.4,3.7,10.2,109,6.499999999999999,2.7
8361,QUADRANT RESOURCE LLC,Data Analyst,1,3.0,1.5,4.0,109,2.5,1.5
4918,PwC,Data Analyst,0,6.3,3.2,12.0,108,8.8,6.3
2323,LatentView Analytics,Data Analyst,0,6.3,5.0,9.0,104,4.0,6.3
7136,EXL Service,Data Analyst,1,5.0,2.2,9.1,102,6.8999999999999995,2.5
1520,KPMG,Data Analyst,1,6.7,3.0,12.0,100,9.0,3.35
3875,WNS,Data Analyst,1,5.2,2.0,8.9,98,6.9,2.6
7181,Myntra,Data Analyst,1,9.6,4.8,14.0,98,9.2,4.8
7233,IQVIA,Data Analyst,1,7.3,4.1,12.0,96,7.9,3.65
4383,Ugam Solution,Data Analyst,0,4.6,1.8,8.0,92,6.2,4.6
6109,Bharti Airtel,Data Analyst,1,4.6,2.6,11.0,90,8.4,2.3
6498,ICICI Bank,Data Analyst,1,4.9,2.5,10.0,82,7.5,2.45
8086,Walmart,Data Analyst,1,13.9,3.8,30.0,81,26.2,6.95
1929,JP Morgan Chase,Data Analyst,2,10.0,4.1,20.0,81,15.9,3.3333333333333335
8720,Kantar,Data Analyst,1,4.2,3.0,5.7,79,2.7,2.1
6312,S&P Global,Data Analyst,1,4.4,3.1,8.0,79,4.9,2.2
2787,Axtria,Data Analyst,0,8.8,6.0,13.5,77,7.5,8.8
7507,L&T Infotech,Data Analyst,1,6.6,3.8,14.5,77,10.7,3.3
8608,Nielsen,Data Analyst,1,4.0,2.4,7.3,75,4.9,2.0
1390,Citicorp,Data Analyst,1,12.2,8.5,17.1,75,8.600000000000001,6.1
3695,Morningstar,Data Analyst,0,3.6,3.0,4.8,74,1.7999999999999998,3.6
7277,TheMathCompany,Data Analyst,0,5.2,4.5,8.0,73,3.5,5.2
2940,Hewlett-Packard Enterprise,Data Analyst,2,6.6,3.5,10.0,72,6.5,2.1999999999999997
1814,Datamatics Global Services,Data Analyst,0,2.1,1.0,5.4,72,4.4,2.1
6717,HERE Technologies,Data Analyst,0,2.6,2.0,4.0,72,2.0,2.6
4960,HDFC Bank,Data Analyst,1,4.6,2.0,10.3,69,8.3,2.3
5694,Nvidia,Data Analyst,1,3.3,2.5,4.1,69,1.5999999999999996,1.65
4017,Dell,Data Analyst,1,5.8,2.5,12.0,68,9.5,2.9
8562,Zensar Technologies,Data Analyst,1,4.4,2.9,6.5,67,3.6,2.2
2088,Vodafone Idea,Data Analyst,2,5.7,3.0,11.0,67,8.0,1.9000000000000001
1519,Ardem Data Services,Data Analyst,0,1.9,1.1,3.0,67,1.9,1.9
2675,Fiserv,Data Analyst,2,11.5,6.0,17.0,66,11.0,3.8333333333333335
1742,Verificient Technologies,Data Analyst,0,2.2,1.8,3.3,65,1.4999999999999998,2.2
3495,CRG Solutions,Data Analyst,1,5.8,3.7,9.0,64,5.3,2.9
6385,Oracle,Data Analyst,1,5.8,3.1,13.9,64,10.8,2.9
2623,Google,Data Analyst,1,15.5,2.6,50.0,63,47.4,7.75
3511,Swiggy,Data Analyst,1,4.4,3.1,7.3,62,4.199999999999999,2.2
7027,Kriya It,Data Analyst,0,1.6,1.0,2.5,61,1.5,1.6
3379,Reliance jio,Data Analyst,1,5.6,3.5,10.5,58,7.0,2.8
8651,Mphasis,Data Analyst,1,5.1,2.1,9.5,58,7.4,2.55
6454,Wells Fargo India,Data Analyst,1,10.3,3.1,20.0,55,16.9,5.15
6466,FE fundinfo,Data Analyst,0,3.3,2.5,4.0,55,1.5,3.3
7278,Oyo Rooms,Data Analyst,1,6.5,3.4,11.5,54,8.1,3.25
4321,Competent Software,Data Analyst,1,3.1,2.0,4.1,54,2.0999999999999996,1.55
4323,Udaan,Data Analyst,1,5.0,3.0,9.0,53,6.0,2.5
3482,Continental Automotive Components,Data Analyst,1,2.6,2.2,3.5,53,1.2999999999999998,1.3
1322,E2OPEN,Data Analyst,2,4.1,3.2,5.7,53,2.5,1.3666666666666665
8508,IHS Markit,Data Analyst,1,5.8,3.5,9.5,52,6.0,2.9
2174,Fidelity National Financial,Data Analyst,0,3.3,1.9,4.2,51,2.3000000000000003,3.3
4312,Proziod Analytics,Data Analyst,1,3.5,3.0,4.5,51,1.5,1.75
3373,American Express,Data Analyst,1,9.5,3.2,18.0,50,14.8,4.75
8817,Bajaj Finserv,Data Analyst,0,6.5,2.0,12.0,49,10.0,6.5
7371,Optimint Solutions,Data Analyst,0,2.2,1.7,3.0,49,1.3,2.2
2803,Mu Sigma,Data Analyst,1,7.8,5.0,14.5,48,9.5,3.9
5713,Course5,Data Analyst,0,3.5,3.0,5.1,48,2.0999999999999996,3.5
6753,Paytm,Data Analyst,2,6.0,3.0,12.5,48,9.5,2.0
1911,Straive,Data Analyst,0,2.4,1.8,3.0,48,1.2,2.4
6918,Honeywell Technology Solutions,Data Analyst,2,9.4,5.0,13.0,47,8.0,3.1333333333333333
8649,Intelligent Image Management Inc,Data Analyst,0,1.4,0.2,2.0,47,1.8,1.4
1980,UnitedLex,Data Analyst,1,3.1,2.5,4.2,47,1.7000000000000002,1.55
1325,Fidelity National Information Services,Data Analyst,1,5.0,2.7,8.1,46,5.3999999999999995,2.5
6689,Barclays,Data Analyst,1,11.2,6.5,19.0,46,12.5,5.6
4277,Novartis Healthcare,Data Analyst,2,10.3,6.7,14.2,46,7.499999999999999,3.4333333333333336
7627,R1 RCM,Data Analyst,1,3.4,2.3,5.5,45,3.2,1.7
2597,Nokia,Data Analyst,0,4.2,2.2,8.0,45,5.8,4.2
6775,Bahar Infocons,Data Analyst,1,2.2,1.4,3.1,45,1.7000000000000002,1.1
6616,Axis Bank,Data Analyst,0,8.2,4.0,14.0,45,10.0,8.2
4686,Freelancer.com,Data Analyst,1,3.7,1.5,7.0,45,5.5,1.85
6510,Virtusa Consulting Services,Data Analyst,1,4.2,2.2,8.8,44,6.6000000000000005,2.1
2584,Aon,Data Analyst,0,4.6,2.9,8.5,43,5.6,4.6
3365,Conduent,Data Analyst,1,3.9,1.6,6.4,42,4.800000000000001,1.95
1396,Schneider Electric,Data Analyst,1,6.3,3.0,12.1,42,9.1,3.15
5831,Citibank,Data Analyst,0,10.4,4.1,15.8,42,11.700000000000001,10.4
7248,Sphera Solutions,Data Analyst,0,3.4,3.2,3.8,42,0.5999999999999996,3.4
5005,Systech Solutions,Data Analyst,0,4.7,3.8,7.5,41,3.7,4.7
6589,Ford Motor,Data Analyst,1,9.6,5.0,13.1,41,8.1,4.8
6564,First Source,Data Analyst,1,2.7,1.5,4.9,40,3.4000000000000004,1.35
6582,S&P Global Market Intelligence,Data Analyst,1,4.1,3.0,6.1,40,3.0999999999999996,2.05
5579,UST,Data Analyst,2,7.4,3.8,12.0,40,8.2,2.466666666666667
4728,SG Analytics,Data Analyst,1,4.6,3.0,6.3,39,3.3,2.3
3255,Indegene,Data Analyst,1,9.0,7.5,10.9,38,3.4000000000000004,4.5
5864,Cisco Systems,Data Analyst,3,9.0,4.0,21.7,38,17.7,2.25
6388,Huawei Technologies,Data Analyst,2,4.3,3.3,5.8,38,2.5,1.4333333333333333
6701,Data Entry,Data Analyst,0,1.7,0.2,3.4,38,3.1999999999999997,1.7
6586,Shell,Data Analyst,2,13.3,6.0,21.7,37,15.7,4.433333333333334
6619,Harman Connected Services,Data Analyst,2,6.0,3.5,12.6,37,9.1,2.0
1330,Johnson & Johnson,Data Analyst,1,5.0,3.0,10.5,37,7.5,2.5
6816,InSync Analytics,Data Analyst,1,2.5,1.9,3.3,37,1.4,1.25
1981,Larsen & Toubro Limited,Data Analyst,1,5.0,2.0,9.0,37,7.0,2.5
4580,Yardi Systems,Data Analyst,2,3.7,2.7,4.6,36,1.8999999999999995,1.2333333333333334
8679,Freelance Consultants,Data Analyst,1,3.8,1.8,6.1,36,4.3,1.9
5865,Brillio,Data Analyst,0,5.8,4.0,11.0,36,7.0,5.8
8908,Yodlee,Data Analyst,1,5.5,3.9,8.6,35,4.699999999999999,2.75
8921,ABC,Data Analyst,1,9.6,3.0,24.0,35,21.0,4.8
2886,JLL,Data Analyst,1,5.4,3.5,9.2,35,5.699999999999999,2.7
4670,Sapient Corporation,Data Analyst,2,7.9,5.0,12.0,35,7.0,2.6333333333333333
2895,ZS,Data Analyst,1,10.6,7.0,16.0,35,9.0,5.3
7987,Uber,Data Analyst,1,13.0,6.5,30.0,35,23.5,6.5
6360,Numeratr,Data Analyst,0,3.0,2.0,4.4,35,2.4000000000000004,3.0
5656,Yukthi Datasoft,Data Analyst,1,2.1,1.5,2.9,34,1.4,1.05
8307,Infosys BPM,Data Analyst,1,3.8,2.1,7.8,34,5.699999999999999,1.9
5134,Hexaware Technologies,Data Analyst,1,6.4,0.2,14.0,33,13.8,3.2
6855,Ganit Business Solutions,Data Analyst,0,6.0,6.0,6.0,33,0.0,6.0
3763,Fractal Analytics,Data Analyst,1,9.9,4.9,17.5,33,12.6,4.95
6545,CAMP Systems,Data Analyst,1,3.8,3.0,4.6,32,1.5999999999999996,1.9
1608,Indium Software,Data Analyst,0,7.0,4.0,11.0,32,7.0,7.0
6180,Data Gyan,Data Analyst,0,1.8,1.5,2.0,32,0.5,1.8
7886,Randstad,Data Analyst,1,4.2,2.5,8.0,31,5.5,2.1
8564,Epsilon,Data Analyst,1,9.9,5.5,16.1,31,10.600000000000001,4.95
8288,N+A,Data Analyst,0,3.7,2.1,6.0,31,3.9,3.7
4018,The Smart Cube,Data Analyst,0,7.7,6.3,9.0,31,2.7,7.7
1826,Dataction Analytics,Data Analyst,0,2.6,1.9,3.5,31,1.6,2.6
7748,TSWRDC WOMEN'S DEGREE COLLEGE,Data Analyst,0,2.5,2.0,3.5,31,1.5,2.5
2819,LiquidHub,Data Analyst,0,2.6,1.4,5.0,30,3.6,2.6
6902,Sutherland Global Services,Data Analyst,1,4.8,2.8,7.3,30,4.5,2.4
3067,ValueLabs,Data Analyst,1,5.1,2.4,13.8,30,11.4,2.55
1755,HCL Technologies BPO Services,Data Analyst,1,2.9,1.9,5.0,30,3.1,1.45
1130,HUDL,Data Analyst,0,2.9,2.0,3.8,30,1.7999999999999998,2.9
8971,Mercedes-Benz Research & Development India,Data Analyst,1,10.2,7.5,15.0,30,7.5,5.1
3174,Whitehat jr,Data Analyst,1,5.9,4.3,8.0,30,3.7,2.95
3254,Caterpillar Inc,Data Analyst,1,6.2,3.6,10.5,29,6.9,3.1
8159,General Mills,Data Analyst,0,7.0,5.3,9.2,29,3.8999999999999995,7.0
1298,BYJU'S,Data Analyst,1,7.0,5.0,15.4,29,10.4,3.5
8425,Hinduja Global Solutions,Data Analyst,1,3.7,2.0,6.5,29,4.5,1.85
8410,Mercer,Data Analyst,0,4.8,2.3,8.5,29,6.2,4.8
8838,Bridgei2i Analytics Solutions,Data Analyst,0,5.3,4.5,7.8,29,3.3,5.3
4586,Annalect,Data Analyst,0,5.6,3.6,7.5,29,3.9,5.6
8212,Verizon,Data Analyst,1,11.4,6.4,17.8,28,11.4,5.7
6087,McKinsey & Company,Data Analyst,1,15.3,9.0,20.0,28,11.0,7.65
6301,ITC Infotech India,Data Analyst,0,7.9,3.7,16.0,28,12.3,7.9
6455,Vaco Binary Semantics,Data Analyst,0,3.7,2.4,6.0,28,3.6,3.7
4568,FedEx Express,Data Analyst,0,7.4,3.3,12.0,28,8.7,7.4
8142,Galytix Analytics,Data Analyst,0,6.0,6.0,6.0,28,0.0,6.0
3409,VeeTechnologies,Data Analyst,1,1.9,1.2,2.4,28,1.2,0.95
3897,APA Engineering,Data Analyst,0,2.0,1.5,3.1,27,1.6,2.0
3711,Tesco,Data Analyst,1,5.5,3.9,8.9,27,5.0,2.75
7589,UBS,Data Analyst,1,9.4,6.0,15.5,27,9.5,4.7
8738,BCG,Data Analyst,2,11.9,6.0,19.4,27,13.399999999999999,3.966666666666667
4827,Reliance Industries,Data Analyst,1,6.3,2.2,9.0,26,6.8,3.15
7494,Collegedunia,Data Analyst,1,4.0,3.0,5.4,26,2.4000000000000004,2.0
5794,Thomson Reuters,Data Analyst,1,4.1,2.1,6.9,26,4.800000000000001,2.05
7130,Tata Communications,Data Analyst,0,3.9,2.1,5.1,26,2.9999999999999996,3.9
6799,Cerner,Data Analyst,1,7.3,5.2,10.5,26,5.3,3.65
6934,Sandcube Analytics,Data Analyst,0,2.3,1.1,3.6,26,2.5,2.3
5734,Bank of America,Data Analyst,2,13.9,5.5,20.0,26,14.5,4.633333333333334
3953,Stats Systems India,Data Analyst,0,2.1,1.5,3.1,26,1.6,2.1
5479,Objectways Technologies,Data Analyst,0,1.5,1.2,2.0,26,0.8,1.5
2634,Target,Data Analyst,1,8.8,2.9,13.0,25,10.1,4.4
2135,PayPal,Data Analyst,1,17.2,8.0,30.0,25,22.0,8.6
2650,NISC Export Services,Data Analyst,1,3.2,2.3,5.0,25,2.7,1.6
2214,ANZ Banking Group,Data Analyst,2,9.8,4.4,15.6,25,11.2,3.266666666666667
1609,Hive,Data Analyst,0,4.2,3.5,5.8,25,2.3,4.2
5913,Crif High Mark Credit Information Services,Data Analyst,2,5.5,3.8,8.0,25,4.2,1.8333333333333333
4584,Pacecom Technologies,Data Analyst,0,2.1,2.0,2.6,25,0.6000000000000001,2.1
5403,TCS,Data Engineer,1,5.8,3.9,10.1,819,6.199999999999999,2.9
5985,IBM,Data Engineer,1,10.4,4.8,18.0,727,13.2,5.2
6440,L&T Infotech,Data Engineer,1,5.7,4.1,9.0,420,4.9,2.85
1403,Accenture,Data Engineer,1,9.0,5.0,16.8,332,11.8,4.5
8967,Cognizant,Data Engineer,1,7.5,4.5,13.3,292,8.8,3.75
3793,EC-Mobility,Data Engineer,1,2.1,1.8,2.6,259,0.8,1.05
4299,Capgemini,Data Engineer,1,7.4,4.0,13.5,231,9.5,3.7
8920,Infosys,Data Engineer,1,5.5,3.6,10.0,196,6.4,2.75
8265,Fractal Analytics,Data Engineer,2,11.8,8.0,18.0,184,10.0,3.9333333333333336
2453,Wipro,Data Engineer,1,6.6,4.0,14.5,175,10.5,3.3
4338,Amazon,Data Engineer,2,22.0,11.0,40.0,166,29.0,7.333333333333333
1944,Quantiphi Analytics Solutions,Data Engineer,0,10.4,6.5,15.0,140,8.5,10.4
5805,Tech Mahindra,Data Engineer,2,6.5,4.2,13.0,130,8.8,2.1666666666666665
4495,Mindtree,Data Engineer,1,6.0,3.9,9.9,124,6.0,3.0
4021,DXC Technology,Data Engineer,1,6.6,3.8,12.0,122,8.2,3.3
7790,Deloitte,Data Engineer,1,11.8,6.0,18.0,116,12.0,5.9
5491,Walmart,Data Engineer,3,22.1,15.0,31.9,88,16.9,5.525
8350,Optum,Data Engineer,2,11.1,7.9,16.8,80,8.9,3.6999999999999997
4667,Shell,Data Engineer,1,17.2,8.0,24.0,79,16.0,8.6
1550,HCL Technologies,Data Engineer,1,9.0,3.5,18.0,79,14.5,4.5
2614,Futurense Technologies,Data Engineer,1,9.5,7.0,12.0,72,5.0,4.75
5818,Tiger Analytics,Data Engineer,1,14.0,7.0,21.0,69,14.0,7.0
3148,Teradata,Data Engineer,3,13.6,8.8,17.5,68,8.7,3.4
1885,Altimetrik,Data Engineer,1,12.6,6.5,22.0,59,15.5,6.3
4189,Ernst & Young,Data Engineer,2,12.8,5.2,20.0,59,14.8,4.266666666666667
3776,Maersk,Data Engineer,2,17.0,7.8,27.8,55,20.0,5.666666666666667
2933,UnitedHealth,Data Engineer,2,10.3,6.3,17.3,53,11.0,3.4333333333333336
5233,Genpact,Data Engineer,1,6.8,3.2,14.0,47,10.8,3.4
6910,PayPal,Data Engineer,4,21.6,12.8,31.0,44,18.2,4.32
6103,Enquero,Data Engineer,1,9.5,6.2,15.0,41,8.8,4.75
4869,DataMetica,Data Engineer,0,6.4,4.0,10.7,41,6.699999999999999,6.4
2846,Ericsson,Data Engineer,2,10.6,5.3,17.5,40,12.2,3.533333333333333
1308,GE,Data Engineer,3,12.8,9.6,16.0,39,6.4,3.2
8734,Target,Data Engineer,0,12.9,10.0,17.7,38,7.699999999999999,12.9
6343,Brillio,Data Engineer,0,7.7,4.5,13.3,38,8.8,7.7
6891,ZS,Data Engineer,1,11.7,9.0,16.0,37,7.0,5.85
2537,Hewlett-Packard Enterprise,Data Engineer,2,8.4,4.5,18.0,36,13.5,2.8000000000000003
2809,Reliance jio,Data Engineer,1,8.2,4.5,13.0,35,8.5,4.1
5224,Sapient Corporation,Data Engineer,2,13.5,9.2,17.0,34,7.800000000000001,4.5
8736,Larsen & Toubro Limited,Data Engineer,1,5.8,4.0,10.5,34,6.5,2.9
2516,JP Morgan Chase,Data Engineer,4,18.7,8.0,29.0,32,21.0,3.7399999999999998
5049,Societe Generale,Data Engineer,2,16.8,9.6,23.0,31,13.4,5.6000000000000005
3209,Bajaj Finserv,Data Engineer,0,10.9,8.0,12.5,30,4.5,10.9
4795,Bharti Airtel,Data Engineer,2,4.0,3.0,7.5,30,4.5,1.3333333333333333
1567,Bank of America,Data Engineer,2,15.1,8.1,22.0,30,13.9,5.033333333333333
2911,Mphasis,Data Engineer,1,10.1,4.2,19.0,30,14.8,5.05
8199,Fragma Data Systems,Data Engineer,0,5.5,3.5,11.9,30,8.4,5.5
5796,NTT DATA,Data Engineer,2,10.4,4.1,25.0,29,20.9,3.466666666666667
7031,PwC,Data Engineer,1,10.0,5.5,16.5,29,11.0,5.0
4222,KPMG,Data Engineer,2,12.3,7.0,18.0,28,11.0,4.1000000000000005
7442,UST,Data Engineer,1,9.8,3.5,17.0,27,13.5,4.9
6201,Virtusa Consulting Services,Data Engineer,1,9.0,4.2,20.0,27,15.8,4.5
2469,DBS Bank,Data Engineer,2,13.6,9.1,24.0,27,14.9,4.533333333333333
6026,Koch Business Solutions,Data Engineer,4,23.6,12.0,34.0,27,22.0,4.720000000000001
7134,Lowe's,Data Engineer,1,12.1,10.0,14.3,26,4.300000000000001,6.05
1593,BA Continuum,Data Engineer,4,16.5,12.0,22.8,26,10.8,3.3
1677,Dell,Data Engineer,1,12.8,5.5,20.0,26,14.5,6.4
2478,Data Semantics,Data Engineer,3,8.9,4.5,15.5,25,11.0,2.225
4168,BlazeClan Technologies,Data Engineer,0,5.5,3.2,9.6,24,6.3999999999999995,5.5
1045,Microsoft Corporation,Data Engineer,3,25.1,13.0,40.1,24,27.1,6.275
6418,DataWeave,Data Engineer,1,8.2,5.5,12.0,23,6.5,4.1
6158,Celebal Technologies,Data Engineer,0,5.5,4.5,10.0,23,5.5,5.5
8377,SpringML,Data Engineer,1,9.7,5.5,14.0,23,8.5,4.85
6914,TEKsystems,Data Engineer,1,9.7,6.0,18.0,23,12.0,4.85
6104,NatWest Group,Data Engineer,2,20.4,11.1,32.0,23,20.9,6.8
4956,Saama Technologies,Data Engineer,2,9.7,6.0,14.5,22,8.5,3.233333333333333
5474,GE Aviation,Data Engineer,2,12.2,9.0,16.0,22,7.0,4.066666666666666
8043,Affine Analytics,Data Engineer,0,7.7,6.0,12.0,22,6.0,7.7
6322,Wells Fargo India,Data Engineer,3,15.2,10.1,22.0,21,11.9,3.8
6759,EXL Service,Data Engineer,2,10.3,6.0,14.1,20,8.1,3.4333333333333336
8459,McKinsey & Company,Data Engineer,2,18.5,10.0,25.0,20,15.0,6.166666666666667
2298,Cisco Systems,Data Engineer,3,19.3,12.0,28.0,20,16.0,4.825
8618,IDFC FIRST Bank,Data Engineer,1,15.4,8.5,21.9,20,13.399999999999999,7.7
4803,ValueLabs,Data Engineer,1,10.3,5.0,23.5,20,18.5,5.15
3443,Paytm,Data Engineer,2,13.9,5.8,23.0,20,17.2,4.633333333333334
7148,Blackbuck Insights,Data Engineer,0,4.2,2.5,8.5,20,6.0,4.2
7078,Lumen Technologies,Data Engineer,1,6.6,4.5,9.2,20,4.699999999999999,3.3
7409,Micron Technology,Data Engineer,3,12.9,8.4,18.0,20,9.6,3.225
7952,GE Healthcare,Data Engineer,3,12.3,10.0,17.0,19,7.0,3.075
2176,IQVIA,Data Engineer,2,10.5,5.5,15.0,19,9.5,3.5
3333,SG Analytics,Data Engineer,0,7.3,5.2,12.0,19,6.8,7.3
7965,Wavicle Data Solutions,Data Engineer,2,5.1,3.5,7.2,19,3.7,1.7
8186,Mercedes-Benz Research & Development India,Data Engineer,1,13.1,7.0,19.0,19,12.0,6.55
6312,LatentView Analytics,Data Engineer,0,7.2,5.3,12.0,19,6.7,7.2
4369,Schlumberger,Data Engineer,2,13.7,6.5,22.5,19,16.0,4.566666666666666
2757,Adobe,Data Engineer,3,23.7,14.0,34.0,18,20.0,5.925
7274,Commonwealth Bank of Australia,Data Engineer,2,19.9,9.9,28.8,18,18.9,6.633333333333333
4142,NCR Corporation,Data Engineer,1,9.5,6.2,13.5,18,7.3,4.75
8181,ITC Infotech India,Data Engineer,1,6.8,4.1,13.0,18,8.9,3.4
6615,Novartis Healthcare,Data Engineer,2,15.0,9.5,19.5,18,10.0,5.0
4764,Legato Health Technologies,Data Engineer,2,10.8,8.3,13.5,18,5.199999999999999,3.6
4104,Honeywell Technology Solutions,Data Engineer,0,11.2,5.0,26.0,17,21.0,11.2
1687,Hexaware Technologies,Data Engineer,1,11.7,3.5,23.5,17,20.0,5.85
8621,Impetus Technologies,Data Engineer,1,13.1,11.5,16.0,17,4.5,6.55
5920,Bridgei2i Analytics Solutions,Data Engineer,0,6.7,5.0,10.0,17,5.0,6.7
7597,Verizon,Data Engineer,1,10.5,5.6,15.5,16,9.9,5.25
8623,Systech Solutions,Data Engineer,0,4.1,3.3,4.5,16,1.2000000000000002,4.1
1809,Ab Inbev,Data Engineer,4,16.5,8.2,24.0,16,15.8,3.3
5226,Neal Analytics,Data Engineer,1,10.5,6.8,16.0,16,9.2,5.25
8074,TheMathCompany,Data Engineer,2,9.3,7.0,13.2,16,6.199999999999999,3.1
8440,Atos Syntel,Data Engineer,2,7.3,3.8,12.0,16,8.2,2.433333333333333
5617,Lumiq.ai,Data Engineer,0,8.1,6.0,9.5,16,3.5,8.1
2078,Axis Bank,Data Engineer,0,11.1,7.7,14.7,16,6.999999999999999,11.1
4409,Google,Data Engineer,3,45.3,16.5,93.5,16,77.0,11.325
7858,Maersk Line,Data Engineer,2,12.8,8.0,21.0,15,13.0,4.266666666666667
5289,AstraZeneca,Data Engineer,1,9.3,6.8,13.5,15,6.7,4.65
2629,Amdocs,Data Engineer,0,8.9,6.1,13.0,15,6.9,8.9
5215,MasterCard,Data Engineer,0,15.1,13.0,18.0,15,5.0,15.1
3322,Morgan Stanley,Data Engineer,3,20.5,11.0,26.0,14,15.0,5.125
3308,Tavant Technologies,Data Engineer,1,10.1,5.8,20.0,14,14.2,5.05
3842,Flipkart,Data Engineer,2,17.5,9.5,25.0,14,15.5,5.833333333333333
3417,Michelin,Data Engineer,0,9.8,7.7,11.3,14,3.6000000000000005,9.8
4914,Concentrix Corporation,Data Engineer,1,3.7,2.6,4.5,14,1.9,1.85
7726,Siemens,Data Engineer,1,12.9,6.8,16.0,14,9.2,6.45
8755,Mu Sigma,Data Engineer,1,8.4,5.5,12.0,13,6.5,4.2
2147,Expedia,Data Engineer,4,27.6,20.0,40.0,13,20.0,5.5200000000000005
2567,Decision Point,Data Engineer,0,5.9,4.8,7.0,13,2.2,5.9
8059,Adidas,Data Engineer,1,23.0,14.5,34.0,13,19.5,11.5
5990,Nokia,Data Engineer,1,10.7,3.6,24.5,13,20.9,5.35
5708,Oil Field Instrumentation,Data Engineer,6,6.9,1.2,11.1,13,9.9,0.9857142857142858
5566,Atos,Data Engineer,2,8.5,3.7,17.8,13,14.100000000000001,2.8333333333333335
5427,Bitwise Solutions,Data Engineer,0,6.1,3.8,9.0,13,5.2,6.1
8208,Ford Motor,Data Engineer,0,10.1,5.7,15.9,13,10.2,10.1
4158,Persistent Systems,Data Engineer,1,11.6,4.2,20.4,13,16.2,5.8
3401,Indium Software,Data Engineer,0,6.8,3.6,11.5,13,7.9,6.8
8353,Citicorp,Data Engineer,2,17.9,13.5,20.0,13,6.5,5.966666666666666
5406,The Data Team,Data Engineer,1,11.5,8.5,15.0,13,6.5,5.75
2086,Cittabase Solutions,Data Engineer,3,7.9,5.0,10.3,13,5.300000000000001,1.975
3700,NIKE,Data Engineer,3,21.3,14.1,29.0,13,14.9,5.325
1105,Kyndryl,Data Engineer,2,12.8,8.5,16.0,13,7.5,4.266666666666667
2377,Dunnhumby,Data Engineer,1,12.3,8.7,18.5,12,9.8,6.15
7558,Advance Auto Parts,Data Engineer,3,13.3,10.2,15.5,12,5.300000000000001,3.325
1092,Rackspace,Data Engineer,3,16.3,11.0,21.6,12,10.600000000000001,4.075
3271,Tredence,Data Engineer,2,11.4,7.0,16.0,12,9.0,3.8000000000000003
4433,Expert Global Solutions,Data Engineer,0,2.1,1.1,3.1,12,2.0,2.1
2256,Cerner,Data Engineer,2,9.9,6.0,14.0,12,8.0,3.3000000000000003
3995,Searce Cosourcing Services,Data Engineer,1,7.4,5.0,12.5,12,7.5,3.7
7725,Eli Lilly and Company,Data Engineer,3,18.4,16.0,22.0,12,6.0,4.6
4723,ValueMomentum,Data Engineer,1,10.6,4.5,21.3,12,16.8,5.3
4253,InfoStretch,Data Engineer,1,10.5,4.2,18.0,12,13.8,5.25
4383,Nagarro,Data Engineer,2,13.1,7.0,25.0,12,18.0,4.366666666666666
3800,KPI Partners,Data Engineer,1,12.0,5.0,22.0,12,17.0,6.0
6560,HSBC,Data Engineer,1,9.7,6.5,18.0,12,11.5,4.85
4334,Bosch Global Software Technologies,Data Engineer,1,7.1,3.8,14.0,11,10.2,3.55
5251,Axtria,Data Engineer,1,11.4,7.5,15.3,11,7.800000000000001,5.7
8444,Visa,Data Engineer,1,28.7,16.5,37.0,11,20.5,14.35
2213,Happiest Minds Technologies,Data Engineer,0,8.0,4.0,14.8,11,10.8,8.0
4178,BYJU'S,Data Engineer,1,9.7,4.5,19.5,11,15.0,4.85
4306,Yash Technologies,Data Engineer,0,5.3,3.2,8.0,11,4.8,5.3
5751,GE Digital,Data Engineer,4,12.6,8.3,18.3,11,10.0,2.52
4373,GSK Pharmaceuticals,Data Engineer,5,23.1,19.0,27.0,11,8.0,3.85
3072,Rakuten,Data Engineer,0,13.3,8.5,18.5,11,10.0,13.3
8897,InnovAccer,Data Engineer,1,8.2,5.0,15.0,11,10.0,4.1
7854,nThrive Global Solutions,Data Engineer,2,11.8,7.8,17.6,11,9.8,3.9333333333333336
7944,AI Touch,Data Engineer,0,2.3,2.0,3.0,11,1.0,2.3
8022,Autodesk,Data Engineer,0,26.5,6.4,40.0,11,33.6,26.5
6985,Knoema IT Solutions,Data Engineer,0,3.3,2.0,4.1,11,2.0999999999999996,3.3
5736,Ecolab Digital Center,Data Engineer,2,11.5,8.5,18.0,11,9.5,3.8333333333333335
7251,Apple,Data Engineer,3,25.0,17.0,35.0,11,18.0,6.25
6029,AVASOFT,Data Engineer,0,4.0,3.5,4.9,10,1.4000000000000004,4.0
8998,i2e Consulting,Data Engineer,2,13.1,9.0,16.5,10,7.5,4.366666666666666
2834,Birlasoft,Data Engineer,2,11.1,5.2,20.1,10,14.900000000000002,3.6999999999999997
5859,EPAM Systems,Data Engineer,4,17.3,8.8,24.0,10,15.2,3.46
5390,Xyz Company,Data Engineer,1,12.3,6.0,21.0,10,15.0,6.15
2744,Colgate Palmolive,Data Engineer,1,10.7,6.0,15.0,10,9.0,5.35
7828,BCG,Data Engineer,2,17.2,14.5,19.5,10,5.0,5.733333333333333
5835,Apisero,Data Engineer,1,13.5,8.0,18.0,10,10.0,6.75
5599,Fidelity Investment,Data Engineer,1,13.3,11.0,16.7,10,5.699999999999999,6.65
7336,Oracle,Data Engineer,2,14.6,7.0,25.0,10,18.0,4.866666666666666
2072,Accion Labs,Data Engineer,3,18.1,8.0,30.0,9,22.0,4.525
5169,Dun & Bradstreet,Data Engineer,3,11.4,8.6,15.4,9,6.800000000000001,2.85
6912,Webhelp,Data Engineer,3,10.7,8.5,14.0,9,5.5,2.675
5376,Ags Infotech,Data Engineer,2,5.0,4.4,5.5,9,1.0999999999999996,1.6666666666666667
6069,Synechron,Data Engineer,4,17.3,12.5,24.0,9,11.5,3.46
4641,GEP Worldwide,Data Engineer,2,13.0,10.1,15.0,9,4.9,4.333333333333333
4668,Principal Global Services,Data Engineer,1,10.2,9.5,11.1,9,1.5999999999999996,5.1
3137,Algonomy,Data Engineer,1,7.5,5.0,13.6,9,8.6,3.75
5165,Sigmoid Analytics,Data Engineer,1,15.0,12.8,18.5,9,5.699999999999999,7.5
5935,Vodafone Idea,Data Engineer,1,11.2,2.1,18.0,9,15.9,5.6
5048,Clairvoyant India,Data Engineer,2,10.5,5.0,17.0,9,12.0,3.5
7774,Aktrix Technologies,Data Engineer,0,4.1,3.0,5.5,9,2.5,4.1
6283,ThoughtWorks,Data Engineer,1,15.7,10.0,19.4,9,9.399999999999999,7.85
8752,DUNNHUMBY IT SERVICES INDIA,Data Engineer,1,11.9,9.0,14.9,9,5.9,5.95
8937,Baker Hughes,Data Engineer,3,14.8,12.0,16.5,9,4.5,3.7
1144,Denodo Technologies,Data Engineer,0,8.0,6.0,10.5,9,4.5,8.0
8625,Hashedin By Deloitte,Data Engineer,2,15.0,11.1,19.0,9,7.9,5.0
5240,Red Hat,Data Engineer,2,12.4,4.5,17.6,8,13.100000000000001,4.133333333333334
3833,HDFC Bank,Data Engineer,2,9.0,6.5,12.5,8,6.0,3.0
4637,Accenture,Senior Data Scientist,3,18.9,10.5,30.5,80,20.0,4.725
6847,TCS,Senior Data Scientist,4,16.7,8.6,30.0,79,21.4,3.34
8996,Cognizant,Senior Data Scientist,4,17.9,12.0,25.2,57,13.2,3.5799999999999996
5663,Fractal Analytics,Senior Data Scientist,4,25.6,18.0,32.0,47,14.0,5.12
6528,Ab Inbev,Senior Data Scientist,3,28.0,22.0,35.0,44,13.0,7.0
1748,Wipro,Senior Data Scientist,4,16.1,8.0,30.0,43,22.0,3.22
6043,Deloitte,Senior Data Scientist,5,21.2,14.0,35.0,42,21.0,3.533333333333333
6193,Walmart,Senior Data Scientist,5,43.0,30.0,65.0,32,35.0,7.166666666666667
2608,Amazon,Senior Data Scientist,5,41.5,26.0,75.0,30,49.0,6.916666666666667
3673,UnitedHealth,Senior Data Scientist,4,23.0,15.6,30.5,30,14.9,4.6
4333,Ernst & Young,Senior Data Scientist,4,21.4,15.0,30.0,29,15.0,4.279999999999999
2627,Optum,Senior Data Scientist,5,26.2,18.0,36.0,28,18.0,4.366666666666666
3051,Impact Analytics,Senior Data Scientist,2,13.4,9.0,19.0,28,10.0,4.466666666666667
1513,Incedo,Senior Data Scientist,3,18.9,15.0,25.0,26,10.0,4.725
5422,IBM,Senior Data Scientist,5,24.4,14.0,36.0,25,22.0,4.066666666666666
2450,Target,Senior Data Scientist,2,23.8,15.5,30.0,25,14.5,7.933333333333334
7062,Infosys,Senior Data Scientist,4,18.1,9.0,30.0,25,21.0,3.62
5031,TVS Credit Services,Senior Data Scientist,4,14.7,11.5,21.0,24,9.5,2.94
6880,Ericsson,Senior Data Scientist,7,30.2,14.2,50.6,22,36.400000000000006,3.775
4852,Microsoft Corporation,Senior Data Scientist,4,56.4,30.0,100.0,22,70.0,11.28
2822,HCL Technologies,Senior Data Scientist,4,19.3,14.4,25.0,22,10.6,3.8600000000000003
1796,Capgemini,Senior Data Scientist,4,16.8,11.5,26.0,22,14.5,3.3600000000000003
4469,Dunnhumby,Senior Data Scientist,3,15.4,12.0,22.0,21,10.0,3.85
1406,Birlasoft,Senior Data Scientist,3,14.3,8.0,22.3,20,14.3,3.575
2826,Tech Mahindra,Senior Data Scientist,4,16.4,7.1,25.0,20,17.9,3.28
5305,Affine Analytics,Senior Data Scientist,1,9.9,7.6,16.0,20,8.4,4.95
4608,Wolters Kluwer,Senior Data Scientist,6,23.7,18.0,30.0,19,12.0,3.3857142857142857
1636,Harman Connected Services,Senior Data Scientist,4,16.0,11.5,22.0,19,10.5,3.2
4035,L&T Infotech,Senior Data Scientist,2,20.0,12.3,28.0,19,15.7,6.666666666666667
4536,Reliance jio,Senior Data Scientist,4,30.0,18.5,46.0,18,27.5,6.0
7545,Sapient Corporation,Senior Data Scientist,2,21.1,14.2,28.5,18,14.3,7.033333333333334
4871,Coforge,Senior Data Scientist,4,15.0,15.0,15.2,18,0.1999999999999993,3.0
3769,Lowe's,Senior Data Scientist,4,25.0,16.0,33.0,17,17.0,5.0
5206,Blue Yonder,Senior Data Scientist,2,31.6,18.0,50.0,17,32.0,10.533333333333333
2399,Bosch Global Software Technologies,Senior Data Scientist,2,24.1,16.1,30.0,16,13.899999999999999,8.033333333333333
5977,Nielsen,Senior Data Scientist,2,9.9,7.9,13.7,16,5.799999999999999,3.3000000000000003
8313,Oracle,Senior Data Scientist,3,25.2,20.0,37.0,16,17.0,6.3
1048,Happiest Minds Technologies,Senior Data Scientist,5,16.4,9.0,26.0,15,17.0,2.733333333333333
6876,DXC Technology,Senior Data Scientist,7,17.1,11.0,25.0,15,14.0,2.1375
8746,PayPal,Senior Data Scientist,6,40.7,30.0,45.0,15,15.0,5.814285714285715
3412,Citibank,Senior Data Scientist,4,22.8,16.0,30.0,15,14.0,4.5600000000000005
3232,Innominds Software,Senior Data Scientist,4,18.6,13.5,27.5,14,14.0,3.72
7628,Bajaj Finserv,Senior Data Scientist,1,17.6,10.0,27.8,14,17.8,8.8
6757,Honeywell Technology Solutions,Senior Data Scientist,2,18.4,10.0,35.0,14,25.0,6.133333333333333
8691,eClerx,Senior Data Scientist,2,15.3,11.0,21.6,14,10.600000000000001,5.1000000000000005
2056,VMware Software,Senior Data Scientist,2,23.1,16.0,36.5,14,20.5,7.7
3305,PwC,Senior Data Scientist,4,21.2,13.0,30.0,14,17.0,4.24
3024,EXL Service,Senior Data Scientist,3,19.5,14.5,30.0,13,15.5,4.875
6387,Mercedes-Benz Research & Development India,Senior Data Scientist,3,18.0,10.0,35.0,13,25.0,4.5
3184,Mindtree,Senior Data Scientist,5,17.8,9.0,28.1,13,19.1,2.966666666666667
2768,Wells Fargo India,Senior Data Scientist,5,23.1,14.0,30.0,13,16.0,3.85
8216,Genpact,Senior Data Scientist,4,24.2,10.0,35.0,12,25.0,4.84
7790,Course5,Senior Data Scientist,3,11.7,9.0,17.0,12,8.0,2.925
6413,JP Morgan Chase,Senior Data Scientist,5,27.7,14.0,51.0,12,37.0,4.616666666666666
5608,MasterCard,Senior Data Scientist,2,25.5,18.2,36.0,12,17.8,8.5
3133,GE Healthcare,Senior Data Scientist,3,28.0,24.0,33.0,11,9.0,7.0
6009,IHS Markit,Senior Data Scientist,5,22.5,16.0,29.0,11,13.0,3.75
5677,NIIT Technologies,Senior Data Scientist,2,15.3,15.0,16.0,11,1.0,5.1000000000000005
8520,Gramener,Senior Data Scientist,2,14.4,10.0,20.8,11,10.8,4.8
8214,Ford Motor,Senior Data Scientist,4,17.6,16.4,19.5,11,3.1000000000000014,3.5200000000000005
5154,TheMathCompany,Senior Data Scientist,4,14.8,12.0,18.0,11,6.0,2.96
8311,Legato Health Technologies,Senior Data Scientist,4,21.2,15.6,26.0,11,10.4,4.24
4278,Dell,Senior Data Scientist,3,23.2,15.0,32.0,11,17.0,5.8
7282,Great Learning,Senior Data Scientist,3,12.3,11.0,14.0,11,3.0,3.075
1989,Morningstar,Senior Data Scientist,4,19.7,16.2,24.6,10,8.400000000000002,3.94
8572,Hewlett-Packard Enterprise,Senior Data Scientist,3,20.7,17.0,30.0,10,13.0,5.175
7915,Tredence,Senior Data Scientist,3,18.4,12.4,26.0,10,13.6,4.6
1971,UST,Senior Data Scientist,3,12.1,10.3,16.0,10,5.699999999999999,3.025
2856,ValueLabs,Senior Data Scientist,3,21.1,10.3,26.5,10,16.2,5.275
8839,Novartis Healthcare,Senior Data Scientist,5,30.5,16.0,51.0,10,35.0,5.083333333333333
7769,Vodafone Idea,Senior Data Scientist,4,22.7,13.1,32.7,10,19.6,4.54
7832,Nagarro,Senior Data Scientist,2,18.0,14.3,25.0,10,10.7,6.0
8202,HERE Technologies,Senior Data Scientist,6,27.1,22.5,30.0,9,7.5,3.8714285714285714
1426,Globant,Senior Data Scientist,2,17.8,13.0,26.0,9,13.0,5.933333333333334
4581,Baker Hughes,Senior Data Scientist,3,27.4,23.0,32.0,9,9.0,6.85
7782,Tiger Analytics,Senior Data Scientist,5,22.2,18.0,27.5,9,9.5,3.6999999999999997
6515,Epsilon,Senior Data Scientist,4,23.2,19.0,26.0,8,7.0,4.64
7872,AntWorks,Senior Data Scientist,3,20.6,14.0,30.0,8,16.0,5.15
5128,Altimetrik,Senior Data Scientist,4,18.3,12.0,26.0,8,14.0,3.66
8414,Info Edge,Senior Data Scientist,1,30.9,21.0,37.0,8,16.0,15.45
8715,Sigmoid Analytics,Senior Data Scientist,2,22.5,15.0,30.0,8,15.0,7.5
4765,Eli Lilly and Company,Senior Data Scientist,4,26.8,22.5,32.0,8,9.5,5.36
1857,Lam Research,Senior Data Scientist,3,16.5,13.9,20.0,8,6.1,4.125
2400,GE Aviation,Senior Data Scientist,5,22.1,14.5,29.0,8,14.5,3.6833333333333336
5007,Iris Software,Senior Data Scientist,6,23.0,17.0,27.0,8,10.0,3.2857142857142856
1303,Claim Genius,Senior Data Scientist,3,21.4,18.4,27.0,8,8.600000000000001,5.35
6735,ZS,Senior Data Scientist,1,18.0,14.5,24.0,8,9.5,9.0
7619,Mphasis,Senior Data Scientist,2,13.3,11.0,15.4,8,4.4,4.433333333333334
8261,NielsenIQ,Senior Data Scientist,3,8.7,8.0,9.4,8,1.4000000000000004,2.175
1570,Mu Sigma,Senior Data Scientist,3,14.5,12.3,15.0,7,2.6999999999999993,3.625
6276,BNY Mellon,Senior Data Scientist,1,16.9,5.2,25.0,7,19.8,8.45
3583,Yash Technologies,Senior Data Scientist,5,18.4,12.1,23.5,7,11.4,3.0666666666666664
8310,Franklin Templeton Investments,Senior Data Scientist,7,27.3,22.0,32.0,7,10.0,3.4125
5918,Philips,Senior Data Scientist,5,22.6,19.0,25.9,7,6.899999999999999,3.766666666666667
8828,DBS Bank,Senior Data Scientist,4,20.6,16.5,25.0,7,8.5,4.12
5587,International School of Engineering,Senior Data Scientist,9,20.2,15.0,25.0,7,10.0,2.02
4169,Johnson Controls,Senior Data Scientist,4,25.1,18.5,32.0,7,13.5,5.0200000000000005
1175,Bajaj Finance,Senior Data Scientist,1,20.0,16.0,30.0,7,14.0,10.0
4121,Ganit Business Solutions,Senior Data Scientist,5,18.9,15.5,21.5,7,6.0,3.15
2917,Xoriant,Senior Data Scientist,6,18.6,15.0,23.5,7,8.5,2.6571428571428575
1792,o9 Solutions,Senior Data Scientist,4,21.5,13.5,28.0,7,14.5,4.3
8525,Verizon,Senior Data Scientist,7,26.7,11.0,37.0,6,26.0,3.3375
7251,Shell,Senior Data Scientist,6,29.8,22.0,35.5,6,13.5,4.257142857142857
7877,Zensar Technologies,Senior Data Scientist,4,18.2,14.0,22.0,6,8.0,3.6399999999999997
3689,McKinsey & Company,Senior Data Scientist,6,18.2,1.0,31.0,6,30.0,2.6
6252,Apexon,Senior Data Scientist,4,10.3,9.0,11.1,6,2.0999999999999996,2.06
4268,GE,Senior Data Scientist,4,23.1,16.0,30.0,6,14.0,4.62
5440,Johnson & Johnson,Senior Data Scientist,5,24.1,17.0,35.0,6,18.0,4.016666666666667
1127,Cerner,Senior Data Scientist,6,28.9,23.7,35.8,6,12.099999999999998,4.128571428571428
1233,Algonomy,Senior Data Scientist,2,28.3,23.0,32.0,6,9.0,9.433333333333334
2330,Ecolab Food Safety & Hygiene Solutions,Senior Data Scientist,4,13.9,11.5,18.0,6,6.5,2.7800000000000002
6063,L&T Technology Services,Senior Data Scientist,4,15.2,9.0,24.0,6,15.0,3.04
3956,American Express,Senior Data Scientist,3,23.3,22.0,25.1,6,3.1000000000000014,5.825
4716,Yum!,Senior Data Scientist,2,15.3,11.0,17.8,6,6.800000000000001,5.1000000000000005
8277,Indium Software,Senior Data Scientist,2,14.5,8.8,20.0,6,11.2,4.833333333333333
6415,Cummins,Senior Data Scientist,3,23.2,17.8,29.9,6,12.099999999999998,5.8
5071,Eversana,Senior Data Scientist,4,14.3,12.0,17.8,6,5.800000000000001,2.8600000000000003
3850,Paytm,Senior Data Scientist,3,31.6,27.0,40.0,6,13.0,7.9
5470,Citicorp,Senior Data Scientist,6,28.3,21.0,35.0,6,14.0,4.042857142857143
4053,Quantium Analytics,Senior Data Scientist,5,25.0,24.0,27.0,6,3.0,4.166666666666667
1323,MKS Vision,Senior Data Scientist,7,18.1,15.0,22.0,6,7.0,2.2625
7743,Oyo Rooms,Senior Data Scientist,3,31.0,20.0,42.0,5,22.0,7.75
1930,Yodlee,Senior Data Scientist,2,32.1,27.0,36.0,5,9.0,10.700000000000001
6013,CitiusTech,Senior Data Scientist,7,17.8,15.0,19.5,5,4.5,2.225
6927,SAP,Senior Data Scientist,7,36.6,17.2,51.0,5,33.8,4.575
5030,Teleperformance,Senior Data Scientist,3,16.2,10.0,20.0,5,10.0,4.05
2427,V2 Solutions,Senior Data Scientist,2,8.5,8.5,8.6,5,0.09999999999999964,2.8333333333333335
8211,Dun & Bradstreet,Senior Data Scientist,2,11.9,9.5,13.5,5,4.0,3.966666666666667
7934,Nvidia,Senior Data Scientist,2,21.3,10.0,28.0,5,18.0,7.1000000000000005
5531,AlgoAnalytics Financial Consultancy,Senior Data Scientist,3,18.9,16.5,20.7,5,4.199999999999999,4.725
8873,Reliance Industries,Senior Data Scientist,5,10.0,9.0,11.0,5,2.0,1.6666666666666667
3536,Scienaptic Systems,Senior Data Scientist,6,19.7,15.0,23.5,5,8.5,2.814285714285714
8710,Freelance Consultants,Senior Data Scientist,7,31.7,18.6,42.0,5,23.4,3.9625
1576,Decision Point,Senior Data Scientist,3,22.4,19.0,25.0,5,6.0,5.6
7203,IDFC FIRST Bank,Senior Data Scientist,4,20.8,14.0,26.0,5,12.0,4.16
8637,Thomson Reuters,Senior Data Scientist,4,18.4,10.0,27.5,5,17.5,3.6799999999999997
6054,Synechron,Senior Data Scientist,3,12.0,9.5,16.0,5,6.5,3.0
5117,Akamai Technologies,Senior Data Scientist,4,27.3,22.5,34.0,5,11.5,5.46
2993,Quest Global,Senior Data Scientist,4,22.8,14.0,41.0,5,27.0,4.5600000000000005
7783,GEP Worldwide,Senior Data Scientist,6,24.4,22.0,32.0,5,10.0,3.4857142857142853
7361,Hinduja Global Solutions,Senior Data Scientist,3,15.6,4.0,24.7,5,20.7,3.9
7586,ACL Digital,Senior Data Scientist,3,18.8,10.7,25.0,5,14.3,4.7
7673,Innova Solutions,Senior Data Scientist,4,39.7,6.0,97.0,5,91.0,7.94
8988,Automatic Data Processing,Senior Data Scientist,9,34.4,27.0,39.4,5,12.399999999999999,3.44
3559,Brillio,Senior Data Scientist,4,21.2,12.0,34.0,5,22.0,4.24
8533,Boeing,Senior Data Scientist,8,27.6,25.2,30.0,5,4.800000000000001,3.066666666666667
3530,Flipkart,Senior Data Scientist,5,82.0,55.0,100.0,5,45.0,13.666666666666666
7995,ITC Infotech India,Senior Data Scientist,3,14.9,12.0,18.5,5,6.5,3.725
7241,Decision Minds,Senior Data Scientist,5,19.0,13.0,22.4,5,9.399999999999999,3.1666666666666665
8716,Neal Analytics,Senior Data Scientist,4,23.6,21.0,29.0,5,8.0,4.720000000000001
1258,HALODOC,Senior Data Scientist,2,27.4,18.0,38.0,5,20.0,9.133333333333333
7097,Samsung Research,Senior Data Scientist,2,31.7,20.5,40.0,5,19.5,10.566666666666666
6705,Neewee Analytics,Senior Data Scientist,3,14.9,12.1,21.5,5,9.4,3.725
1953,Subex,Senior Data Scientist,4,25.2,11.8,37.0,5,25.2,5.04
6860,BCG,Senior Data Scientist,3,20.2,19.8,21.5,5,1.6999999999999993,5.05
8110,Hitachi Vantara,Senior Data Scientist,7,24.6,18.7,35.0,5,16.3,3.075
5292,ZF Group,Senior Data Scientist,2,16.8,14.5,20.3,5,5.800000000000001,5.6000000000000005
1651,DUNNHUMBY IT SERVICES INDIA,Senior Data Scientist,2,12.3,11.0,15.0,5,4.0,4.1000000000000005
7071,Decimal Point Analytics,Senior Data Scientist,2,20.2,12.2,24.0,5,11.8,6.733333333333333
5831,Koch Business Solutions,Senior Data Scientist,4,39.6,23.0,51.0,5,28.0,7.92
8995,Noodle.Ai,Senior Data Scientist,2,21.7,18.0,26.0,5,8.0,7.233333333333333
2410,Publicis,Senior Data Scientist,5,18.0,15.0,28.0,5,13.0,3.0
3485,Ecolab Digital Center,Senior Data Scientist,4,22.7,19.3,26.1,5,6.800000000000001,4.54
6779,PepsiCo,Senior Data Scientist,8,29.5,19.0,39.5,5,20.5,3.2777777777777777
8055,TEKsystems,Senior Data Scientist,3,18.2,9.0,23.0,5,14.0,4.55
6706,Chubb Group,Senior Data Scientist,4,16.6,13.5,21.0,5,7.5,3.3200000000000003
4224,Amnet Digital,Senior Data Scientist,2,11.8,1.0,18.0,5,17.0,3.9333333333333336
7913,Blend360,Senior Data Scientist,5,30.4,26.3,35.0,5,8.7,5.066666666666666
2607,Kyndryl,Senior Data Scientist,3,44.4,11.6,93.0,5,81.4,11.1
6579,HSBC,Senior Data Scientist,0,24.6,22.0,28.0,5,6.0,24.6
6967,Chegg,Senior Data Scientist,3,32.2,29.9,35.0,5,5.100000000000001,8.05
1872,First Source,Senior Data Scientist,10,29.0,28.0,30.0,4,2.0,2.6363636363636362
5957,Caterpillar Inc,Senior Data Scientist,9,22.8,20.3,24.0,4,3.6999999999999993,2.2800000000000002
2963,Pitney Bowes,Senior Data Scientist,3,17.5,14.1,22.0,4,7.9,4.375
5691,MSCI,Senior Data Scientist,6,38.4,35.4,42.0,4,6.600000000000001,5.485714285714286
7698,Accolite Digital,Senior Data Scientist,2,12.8,11.0,14.0,4,3.0,4.266666666666667
1187,Adobe,Senior Data Scientist,8,40.0,30.0,50.0,4,20.0,4.444444444444445
5430,Omega Healthcare,Senior Data Scientist,7,14.1,10.8,15.8,4,5.0,1.7625
4444,Western Union,Senior Data Scientist,4,22.2,20.0,25.0,4,5.0,4.4399999999999995
3757,HDFC Bank,Senior Data Scientist,6,25.1,15.2,33.0,4,17.8,3.585714285714286
5615,Tata Motors,Senior Data Scientist,4,11.5,5.8,14.0,4,8.2,2.3
1099,EdgeVerve Systems,Senior Data Scientist,5,20.4,12.0,27.5,4,15.5,3.4
3183,Aditya Birla Group,Senior Data Scientist,7,28.0,26.0,30.0,4,4.0,3.5
1012,Commonwealth Bank of Australia,Senior Data Scientist,4,31.8,27.0,35.0,4,8.0,6.36
7529,Swiss Re,Senior Data Scientist,5,26.9,11.9,34.5,4,22.6,4.483333333333333
3314,TCS,Senior Business Analyst,3,7.7,3.5,14.0,1100,10.5,1.925
5537,Accenture,Senior Business Analyst,3,10.3,5.5,15.4,1100,9.9,2.575
5680,Evalueserve,Senior Business Analyst,2,9.8,7.1,13.8,1000,6.700000000000001,3.266666666666667
2340,Cognizant,Senior Business Analyst,2,13.9,9.0,18.7,616,9.7,4.633333333333334
3264,HCL Technologies,Senior Business Analyst,4,11.9,6.4,18.5,384,12.1,2.38
7302,Tech Mahindra,Senior Business Analyst,4,9.9,5.5,16.5,382,11.0,1.98
4176,EXL Service,Senior Business Analyst,2,8.8,6.2,12.0,308,5.8,2.9333333333333336
8782,Wipro,Senior Business Analyst,4,12.8,6.1,22.0,280,15.9,2.56
4282,Fidelity National Information Services,Senior Business Analyst,4,15.0,6.5,22.0,267,15.5,3.0
8284,Cgi Group,Senior Business Analyst,5,10.7,7.2,15.0,225,7.8,1.7833333333333332
4066,L&T Infotech,Senior Business Analyst,3,11.7,7.0,17.3,223,10.3,2.925
5476,HSBC,Senior Business Analyst,6,17.1,9.2,24.0,219,14.8,2.442857142857143
3490,Capgemini,Senior Business Analyst,2,11.6,4.5,20.0,213,15.5,3.8666666666666667
6916,Newgen Software Technologies,Senior Business Analyst,3,11.1,9.0,14.4,170,5.4,2.775
5322,IBM,Senior Business Analyst,3,12.4,5.1,22.0,158,16.9,3.1
2591,Quantiphi Analytics Solutions,Senior Business Analyst,2,15.0,11.3,19.0,152,7.699999999999999,5.0
4115,Tredence,Senior Business Analyst,2,11.2,9.0,14.0,150,5.0,3.733333333333333
6000,Conduent,Senior Business Analyst,4,8.8,6.0,13.0,146,7.0,1.7600000000000002
3354,Temenos,Senior Business Analyst,5,13.2,9.5,17.1,145,7.600000000000001,2.1999999999999997
6839,Amadeus,Senior Business Analyst,4,14.8,12.0,18.5,128,6.5,2.96
7669,Infosys,Senior Business Analyst,4,12.9,7.0,21.0,128,14.0,2.58
8148,American Express,Senior Business Analyst,2,9.2,5.0,18.5,118,13.5,3.0666666666666664
2355,Deloitte,Senior Business Analyst,3,11.5,6.8,20.0,118,13.2,2.875
5271,DXC Technology,Senior Business Analyst,5,12.0,7.0,19.0,117,12.0,2.0
2420,Ernst & Young,Senior Business Analyst,3,14.1,6.3,22.7,110,16.4,3.525
1879,Exl India,Senior Business Analyst,1,9.0,6.8,12.0,109,5.2,4.5
2579,bnp paribas india solutions,Senior Business Analyst,6,14.6,8.6,21.0,94,12.4,2.085714285714286
5015,VMware Software,Senior Business Analyst,6,18.5,11.7,24.8,92,13.100000000000001,2.642857142857143
4510,Zensar Technologies,Senior Business Analyst,5,12.1,7.5,19.5,91,12.0,2.0166666666666666
1740,Ramco Systems,Senior Business Analyst,3,12.7,8.7,18.0,90,9.3,3.175
3672,Dell,Senior Business Analyst,2,11.6,8.5,15.5,84,7.0,3.8666666666666667
2044,JP Morgan Chase,Senior Business Analyst,4,12.3,5.1,23.0,84,17.9,2.46
4426,UnitedHealth,Senior Business Analyst,3,12.5,7.0,19.2,83,12.2,3.125
6237,BNP Paribas,Senior Business Analyst,6,15.8,9.5,24.0,82,14.5,2.257142857142857
8896,NTT DATA,Senior Business Analyst,4,10.9,6.1,19.0,80,12.9,2.18
5686,Flipkart,Senior Business Analyst,3,20.4,14.0,27.5,79,13.5,5.1
8628,Oracle,Senior Business Analyst,4,10.2,5.1,22.0,79,16.9,2.04
8681,Merkle Sokrati,Senior Business Analyst,1,7.0,6.2,8.4,76,2.2,3.5
7222,Societe Generale,Senior Business Analyst,5,15.2,7.1,22.5,74,15.4,2.533333333333333
3712,NatWest Group,Senior Business Analyst,3,11.1,4.3,23.2,71,18.9,2.775
5392,Allianz Technology,Senior Business Analyst,5,11.9,8.0,16.0,69,8.0,1.9833333333333334
6869,Hexaware Technologies,Senior Business Analyst,4,9.7,4.0,19.0,68,15.0,1.94
5065,Amazon,Senior Business Analyst,3,20.1,4.5,30.0,67,25.5,5.025
4438,EPAM Systems,Senior Business Analyst,7,21.9,17.0,25.5,64,8.5,2.7375
7547,Deutsche Bank,Senior Business Analyst,4,7.2,5.0,12.5,64,7.5,1.44
5261,BNY Mellon,Senior Business Analyst,4,8.7,5.1,15.0,63,9.9,1.7399999999999998
7279,Legato Health Technologies,Senior Business Analyst,5,14.6,9.4,20.0,63,10.6,2.433333333333333
8217,Iris Software,Senior Business Analyst,7,20.5,15.5,27.0,63,11.5,2.5625
8704,NetCracker,Senior Business Analyst,10,28.0,21.0,36.0,62,15.0,2.5454545454545454
7026,Globant,Senior Business Analyst,5,16.7,12.7,20.8,62,8.100000000000001,2.783333333333333
6295,Genpact,Senior Business Analyst,3,8.0,4.1,16.4,62,12.299999999999999,2.0
6209,Broadridge Financial Solutions,Senior Business Analyst,3,10.8,7.2,16.0,62,8.8,2.7
6702,Credit Suisse,Senior Business Analyst,4,16.3,10.0,23.4,62,13.399999999999999,3.2600000000000002
1245,Tiger Analytics,Senior Business Analyst,2,13.8,11.5,15.0,61,3.5,4.6000000000000005
4222,Novartis Healthcare,Senior Business Analyst,3,13.0,9.5,18.0,58,8.5,3.25
6565,Standard Chartered Bank,Senior Business Analyst,3,15.0,4.1,30.0,56,25.9,3.75
5672,Wells Fargo India,Senior Business Analyst,5,15.5,8.5,23.6,55,15.100000000000001,2.5833333333333335
8626,Shell,Senior Business Analyst,7,25.6,15.5,35.2,53,19.700000000000003,3.2
4665,Synechron,Senior Business Analyst,6,17.6,9.8,25.0,53,15.2,2.5142857142857147
5949,GEP Worldwide,Senior Business Analyst,2,10.3,6.8,12.3,52,5.500000000000001,3.4333333333333336
2936,3i Infotech,Senior Business Analyst,4,10.8,6.9,16.1,51,9.200000000000001,2.16
3550,ValueMomentum,Senior Business Analyst,4,12.0,8.5,18.5,50,10.0,2.4
1297,Mphasis,Senior Business Analyst,3,12.6,4.2,20.0,50,15.8,3.15
5028,Capita,Senior Business Analyst,5,12.6,7.0,17.0,49,10.0,2.1
6966,UST,Senior Business Analyst,5,13.4,9.0,20.0,49,11.0,2.2333333333333334
5855,Citicorp,Senior Business Analyst,3,15.7,6.0,25.0,49,19.0,3.925
8478,Optum,Senior Business Analyst,4,13.3,5.5,19.8,47,14.3,2.66
2785,Barclays,Senior Business Analyst,3,14.2,7.1,22.7,47,15.6,3.55
4269,IQVIA,Senior Business Analyst,5,17.7,11.3,26.5,47,15.2,2.9499999999999997
1209,Epsilon,Senior Business Analyst,5,14.5,10.0,18.2,46,8.2,2.4166666666666665
4031,Etech Global Services,Senior Business Analyst,3,9.2,7.0,12.1,46,5.1,2.3
2872,Sapiens,Senior Business Analyst,5,18.0,13.8,22.7,44,8.899999999999999,3.0
8625,Concentrix Corporation,Senior Business Analyst,2,3.7,2.7,6.2,43,3.5,1.2333333333333334
4805,IBS Software Services,Senior Business Analyst,2,6.2,4.3,8.3,42,4.000000000000001,2.066666666666667
5531,Hewlett-Packard Enterprise,Senior Business Analyst,3,7.9,3.6,16.0,42,12.4,1.975
7625,WNS,Senior Business Analyst,2,6.5,3.0,13.6,42,10.6,2.1666666666666665
3384,eClerx,Senior Business Analyst,2,4.2,3.2,6.0,42,2.8,1.4000000000000001
3526,Citibank,Senior Business Analyst,3,19.5,8.2,25.5,42,17.3,4.875
1317,Odessa,Senior Business Analyst,3,16.2,12.3,24.0,41,11.7,4.05
7098,Fidelity International,Senior Business Analyst,5,15.9,13.5,19.0,40,5.5,2.65
5556,Ameriprise Financial,Senior Business Analyst,4,9.6,6.2,16.3,40,10.100000000000001,1.92
2399,Tsys Card Tech Services,Senior Business Analyst,6,15.7,12.5,18.9,40,6.399999999999999,2.242857142857143
5975,Merilytics,Senior Business Analyst,0,7.8,6.5,9.5,40,3.0,7.8
7350,Barclays Global Service Centre,Senior Business Analyst,3,12.5,5.0,22.9,40,17.9,3.125
5270,Unisys,Senior Business Analyst,5,12.7,8.0,17.3,39,9.3,2.1166666666666667
2018,Photon Interactive,Senior Business Analyst,4,9.9,6.3,15.0,38,8.7,1.98
7004,Tata Technologies,Senior Business Analyst,4,8.7,6.2,14.0,37,7.8,1.7399999999999998
8937,Virtusa Consulting Services,Senior Business Analyst,5,15.8,11.0,22.5,36,11.5,2.6333333333333333
4665,Xceedance,Senior Business Analyst,5,13.4,9.5,18.6,36,9.100000000000001,2.2333333333333334
8147,Uber,Senior Business Analyst,2,13.4,10.0,19.0,36,9.0,4.466666666666667
6091,CitiusTech,Senior Business Analyst,4,14.4,9.5,18.0,35,8.5,2.88
2314,MetLife,Senior Business Analyst,0,6.0,4.0,9.3,35,5.300000000000001,6.0
5942,eMids Technologies,Senior Business Analyst,5,15.3,10.0,21.0,35,11.0,2.5500000000000003
4161,Standard Chartered Global Business Services,Senior Business Analyst,7,18.4,11.0,29.9,35,18.9,2.3
3593,D Cube Analytics,Senior Business Analyst,2,11.7,9.2,14.0,35,4.800000000000001,3.9
1187,Novo Nordisk,Senior Business Analyst,6,15.7,10.3,21.0,34,10.7,2.242857142857143
1860,Affine Analytics,Senior Business Analyst,1,10.0,8.0,13.6,34,5.6,5.0
7981,Altisource,Senior Business Analyst,4,8.5,5.2,15.0,33,9.8,1.7
4330,Mu Sigma,Senior Business Analyst,1,8.6,6.3,13.0,32,6.7,4.3
8053,Meesho,Senior Business Analyst,2,19.3,16.0,23.0,32,7.0,6.433333333333334
8227,Gartner,Senior Business Analyst,2,18.7,12.5,24.0,32,11.5,6.233333333333333
4919,LearningMate Solutions,Senior Business Analyst,3,10.5,6.4,14.0,31,7.6,2.625
8784,R1 RCM,Senior Business Analyst,2,4.3,3.5,5.9,31,2.4000000000000004,1.4333333333333333
1596,Sopra Steria,Senior Business Analyst,3,14.6,10.0,18.5,31,8.5,3.65
2028,Fiserv,Senior Business Analyst,8,18.0,11.0,29.8,31,18.8,2.0
1514,Harman Connected Services,Senior Business Analyst,3,12.3,6.6,20.0,31,13.4,3.075
4027,Principal Global Services,Senior Business Analyst,4,13.3,5.8,17.5,31,11.7,2.66
6835,Danske IT,Senior Business Analyst,7,18.7,14.3,24.1,31,9.8,2.3375
5675,Amdocs,Senior Business Analyst,6,17.6,11.1,24.9,31,13.799999999999999,2.5142857142857147
8110,Allscripts,Senior Business Analyst,5,13.9,11.0,17.7,30,6.699999999999999,2.316666666666667
7386,Collabera Technologies,Senior Business Analyst,4,11.7,8.0,20.0,30,12.0,2.34
7112,Swiggy,Senior Business Analyst,2,18.4,13.8,22.0,30,8.2,6.133333333333333
8914,Birlasoft,Senior Business Analyst,3,9.8,6.0,19.0,29,13.0,2.45
1333,ValueLabs,Senior Business Analyst,6,14.9,10.0,20.0,29,10.0,2.1285714285714286
6451,Orange Business Services,Senior Business Analyst,5,12.8,7.0,20.0,28,13.0,2.1333333333333333
1417,Maersk,Senior Business Analyst,6,10.9,5.0,23.0,28,18.0,1.5571428571428572
7979,Gartner India Research and Advisory Services,Senior Business Analyst,3,20.4,13.8,26.0,28,12.2,5.1
1282,First Source,Senior Business Analyst,2,5.1,3.4,6.6,27,3.1999999999999997,1.7
3226,Barclays Shared Services,Senior Business Analyst,2,7.1,4.0,14.0,27,10.0,2.3666666666666667
3033,ICICI Bank,Senior Business Analyst,5,12.3,5.3,21.0,27,15.7,2.0500000000000003
4774,CES,Senior Business Analyst,5,7.4,5.2,9.5,27,4.3,1.2333333333333334
2098,Mercer,Senior Business Analyst,2,5.5,2.8,17.0,27,14.2,1.8333333333333333
8736,NatWest Markets,Senior Business Analyst,5,13.4,5.0,22.0,27,17.0,2.2333333333333334
8335,Xoriant,Senior Business Analyst,6,17.5,11.5,21.7,27,10.2,2.5
5735,PwC,Senior Business Analyst,4,12.6,6.0,22.0,27,16.0,2.52
6311,Statestreet HCL Services,Senior Business Analyst,1,3.0,2.4,3.6,27,1.2000000000000002,1.5
3786,First American Corporation,Senior Business Analyst,5,13.4,5.9,18.5,26,12.6,2.2333333333333334
3274,MindGate Solutions,Senior Business Analyst,5,12.5,8.0,18.0,26,10.0,2.0833333333333335
2422,Mindtree,Senior Business Analyst,4,16.9,12.0,22.0,25,10.0,3.38
1590,TEKsystems,Senior Business Analyst,5,15.6,11.7,20.5,25,8.8,2.6
5347,Decision Point,Senior Business Analyst,1,11.8,10.0,16.0,24,6.0,5.9
5252,Thomson Reuters,Senior Business Analyst,4,11.7,5.0,19.5,24,14.5,2.34
2685,Eurofins It Solutions,Senior Business Analyst,7,22.0,16.0,24.8,24,8.8,2.75
4404,Capco Technologies,Senior Business Analyst,7,18.2,15.0,20.2,24,5.199999999999999,2.275
8792,Hsbc Technology,Senior Business Analyst,6,18.7,13.0,25.0,24,12.0,2.6714285714285713
2962,S&P Global,Senior Business Analyst,5,13.7,9.0,20.0,24,11.0,2.283333333333333
5537,General Mills,Senior Business Analyst,4,13.4,11.0,16.0,23,5.0,2.68
5757,Intellect Design Arena,Senior Business Analyst,6,17.2,11.7,22.5,23,10.8,2.457142857142857
4924,Dell EMC,Senior Business Analyst,3,10.5,8.5,13.0,23,4.5,2.625
5818,Ebix Software India,Senior Business Analyst,4,9.8,6.5,13.5,23,7.0,1.9600000000000002
3649,Northern Trust Operating Services,Senior Business Analyst,3,6.2,4.9,9.5,23,4.6,1.55
4989,IVY Comptech,Senior Business Analyst,7,20.7,16.2,25.0,23,8.8,2.5875
1799,Atos Syntel,Senior Business Analyst,6,13.8,7.0,22.8,23,15.8,1.9714285714285715
6750,Provana,Senior Business Analyst,1,7.9,5.5,11.5,23,6.0,3.95
5492,Coforge,Senior Business Analyst,6,17.1,11.2,23.0,23,11.8,2.442857142857143
5608,HDFC Bank,Senior Business Analyst,4,13.2,7.1,20.0,22,12.9,2.6399999999999997
5791,Commonwealth Bank of Australia,Senior Business Analyst,5,28.3,21.0,38.0,22,17.0,4.716666666666667
5759,Volante Technologies,Senior Business Analyst,9,22.3,15.0,28.0,22,13.0,2.23
4916,Hinduja Global Solutions,Senior Business Analyst,2,3.3,2.4,4.3,22,1.9,1.0999999999999999
2169,Tavant Technologies,Senior Business Analyst,3,10.0,8.0,14.0,22,6.0,2.5
3261,Jocata Financial Advisory and Technology,Senior Business Analyst,6,14.3,9.0,23.0,22,14.0,2.042857142857143
4122,Persistent Systems,Senior Business Analyst,7,22.5,15.0,30.5,22,15.5,2.8125
4421,Axis Bank,Senior Business Analyst,3,14.4,9.3,22.0,22,12.7,3.6
2329,Sabre,Senior Business Analyst,6,20.1,13.8,28.0,22,14.2,2.8714285714285714
2905,MResult Services,Senior Business Analyst,4,8.2,5.5,12.0,21,6.5,1.64
3244,Franklin Templeton Investments,Senior Business Analyst,5,12.1,6.8,17.1,21,10.3,2.0166666666666666
4133,Allsec Technologies,Senior Business Analyst,3,6.1,5.2,7.5,21,2.3,1.525
4626,MSC Technology India,Senior Business Analyst,3,6.7,4.9,8.7,21,3.799999999999999,1.675
8416,Sopra Banking Software,Senior Business Analyst,6,16.3,10.2,25.0,21,14.8,2.3285714285714287
5397,Colgate Global Business Services,Senior Business Analyst,7,15.2,13.2,17.5,21,4.300000000000001,1.9
3523,Azentio,Senior Business Analyst,3,13.4,9.5,17.0,21,7.5,3.35
7533,Mastek,Senior Business Analyst,7,13.6,9.7,17.5,20,7.800000000000001,1.7
3325,Springer Nature,Senior Business Analyst,6,17.0,13.0,21.9,20,8.899999999999999,2.4285714285714284
7848,Honeywell Technology Solutions,Senior Business Analyst,5,15.9,10.0,23.8,20,13.8,2.65
5543,Thryve Digital,Senior Business Analyst,5,10.0,7.1,14.0,20,6.9,1.6666666666666667
6254,UBS,Senior Business Analyst,7,22.9,10.8,33.0,20,22.2,2.8625
1616,Zomato,Senior Business Analyst,2,15.7,10.0,22.0,20,12.0,5.233333333333333
5932,Cybage,Senior Business Analyst,8,18.0,15.5,23.0,20,7.5,2.0
4379,Larsen & Toubro Limited,Senior Business Analyst,4,11.3,8.5,14.5,20,6.0,2.2600000000000002
5971,Royal Bank of Scotland International,Senior Business Analyst,3,5.7,4.1,10.5,19,6.4,1.425
5097,Indegene,Senior Business Analyst,2,14.0,10.2,21.0,19,10.8,4.666666666666667
5650,Accion Labs,Senior Business Analyst,7,17.5,11.0,25.2,19,14.2,2.1875
2257,Infor Global Solution,Senior Business Analyst,6,16.8,13.5,20.0,19,6.5,2.4
8565,Cygnet Infotech,Senior Business Analyst,4,8.6,5.5,11.0,19,5.5,1.72
8572,Oracle Financial Services Software,Senior Business Analyst,6,14.2,8.4,24.1,19,15.700000000000001,2.0285714285714285
6917,ThoughtWorks,Senior Business Analyst,5,20.2,15.8,25.0,19,9.2,3.3666666666666667
1278,Citigroup,Senior Business Analyst,3,15.6,9.2,21.1,19,11.900000000000002,3.9
2849,Unacademy,Senior Business Analyst,0,13.0,4.0,25.0,18,21.0,13.0
5592,State Street Corporation,Senior Business Analyst,2,10.7,3.5,22.0,18,18.5,3.5666666666666664
7436,HCL Infosystems,Senior Business Analyst,3,9.0,3.4,15.0,18,11.6,2.25
6983,Ocwen Financial Solutions,Senior Business Analyst,4,9.9,5.9,13.3,18,7.4,1.98
7170,Vedantu,Senior Business Analyst,2,16.9,6.6,21.0,18,14.4,5.633333333333333
5884,Infinite Computer Solutions,Senior Business Analyst,4,9.3,6.0,13.0,17,7.0,1.86
3977,Clover Infotech,Senior Business Analyst,3,9.1,6.5,12.5,17,6.0,2.275
1557,BYJU'S,Senior Business Analyst,0,9.4,6.0,17.0,17,11.0,9.4
7265,Majesco,Senior Business Analyst,5,13.6,9.0,18.0,17,9.0,2.2666666666666666
5991,R Systems International,Senior Business Analyst,6,14.8,9.9,20.0,17,10.1,2.1142857142857143
8501,Accenture,Senior Data Analyst,3,9.9,6.5,14.6,213,8.1,2.475
6459,Capgemini,Senior Data Analyst,1,4.7,3.8,7.1,129,3.3,2.35
3846,TCS,Senior Data Analyst,3,6.0,2.9,11.2,118,8.299999999999999,1.5
1105,Unilog Content Solutions ( P),Senior Data Analyst,3,3.2,2.8,3.8,110,1.0,0.8
7697,Cognizant,Senior Data Analyst,2,6.2,3.0,15.2,109,12.2,2.066666666666667
4343,eClerx,Senior Data Analyst,1,4.3,3.0,7.2,90,4.2,2.15
3967,Concentrix Corporation,Senior Data Analyst,2,4.6,3.1,7.5,85,4.4,1.5333333333333332
1680,Ernst & Young,Senior Data Analyst,3,9.5,6.0,15.3,71,9.3,2.375
8717,Flipkart,Senior Data Analyst,3,11.8,6.0,17.6,66,11.600000000000001,2.95
7328,Wipro,Senior Data Analyst,2,7.1,3.0,11.7,54,8.7,2.3666666666666667
6097,Tech Mahindra,Senior Data Analyst,2,7.1,4.0,13.0,53,9.0,2.3666666666666667
5640,HCL Technologies,Senior Data Analyst,2,6.2,3.0,10.0,53,7.0,2.066666666666667
1220,Ugam Solution,Senior Data Analyst,2,6.5,3.5,10.5,52,7.0,2.1666666666666665
6880,Cerner,Senior Data Analyst,2,6.1,3.0,15.4,52,12.4,2.033333333333333
4824,Optum,Senior Data Analyst,5,16.2,11.0,21.5,51,10.5,2.6999999999999997
6901,InnovAccer,Senior Data Analyst,2,15.2,9.3,22.0,50,12.7,5.066666666666666
2968,GlobalLogic,Senior Data Analyst,2,3.5,2.5,5.0,46,2.5,1.1666666666666667
4671,Infosys,Senior Data Analyst,3,9.9,5.3,15.0,45,9.7,2.475
5317,Tiger Analytics,Senior Data Analyst,1,11.3,9.0,15.0,45,6.0,5.65
1637,UnitedHealth,Senior Data Analyst,5,17.2,8.0,26.0,44,18.0,2.8666666666666667
2806,IBM,Senior Data Analyst,3,11.1,6.3,19.0,43,12.7,2.775
4559,Cyient,Senior Data Analyst,4,3.6,2.5,5.3,43,2.8,0.72
4699,Urjanet Energy Solutions,Senior Data Analyst,2,3.8,3.1,5.0,42,1.9,1.2666666666666666
4171,Deloitte,Senior Data Analyst,3,10.2,6.2,14.9,39,8.7,2.55
5714,Epsilon,Senior Data Analyst,4,17.4,10.0,24.5,38,14.5,3.4799999999999995
7137,Morningstar,Senior Data Analyst,2,5.0,3.8,6.3,37,2.5,1.6666666666666667
5732,BCG,Senior Data Analyst,5,19.7,16.0,24.0,36,8.0,3.283333333333333
8414,Dell,Senior Data Analyst,3,11.7,9.0,18.0,33,9.0,2.925
7115,Walmart,Senior Data Analyst,4,29.0,16.5,40.0,32,23.5,5.8
2005,Course5,Senior Data Analyst,3,7.4,5.1,12.9,29,7.800000000000001,1.85
1024,IHS Markit,Senior Data Analyst,4,11.1,6.1,18.5,28,12.4,2.2199999999999998
5862,Bharti Airtel,Senior Data Analyst,3,16.6,5.9,22.0,28,16.1,4.15
3606,L&T Infotech,Senior Data Analyst,3,12.2,7.3,19.0,28,11.7,3.05
7888,Wells Fargo India,Senior Data Analyst,3,13.7,7.8,23.0,28,15.2,3.425
5172,Axa XL,Senior Data Analyst,2,9.9,6.1,15.0,28,8.9,3.3000000000000003
1063,Zen3 Info Solutions,Senior Data Analyst,3,4.3,3.4,5.5,27,2.1,1.075
5443,Honeywell Technology Solutions,Senior Data Analyst,4,14.6,6.0,22.0,26,16.0,2.92
4401,LiquidHub,Senior Data Analyst,2,3.5,2.5,4.8,25,2.3,1.1666666666666667
2190,Proziod Analytics,Senior Data Analyst,3,4.9,3.6,6.3,25,2.6999999999999997,1.225
4858,LatentView Analytics,Senior Data Analyst,2,10.8,9.2,12.5,25,3.3000000000000007,3.6
6950,The Smart Cube,Senior Data Analyst,1,9.6,7.0,12.0,23,5.0,4.8
6552,Indium Software,Senior Data Analyst,3,14.4,10.0,20.0,23,10.0,3.6
3317,Citicorp,Senior Data Analyst,2,16.1,11.5,20.9,23,9.399999999999999,5.366666666666667
8970,Harman Connected Services,Senior Data Analyst,4,10.0,6.0,19.0,22,13.0,2.0
8306,Toluna,Senior Data Analyst,3,7.1,5.4,9.0,22,3.5999999999999996,1.775
5415,FE fundinfo,Senior Data Analyst,2,4.8,4.0,5.4,21,1.4000000000000004,1.5999999999999999
3379,McKinsey & Company,Senior Data Analyst,3,20.7,12.9,27.2,20,14.299999999999999,5.175
4641,Amazon,Senior Data Analyst,2,8.6,3.9,25.5,19,21.6,2.8666666666666667
1081,Ford Motor,Senior Data Analyst,2,15.0,11.6,18.9,19,7.299999999999999,5.0
2153,Subex,Senior Data Analyst,1,8.0,5.5,11.0,19,5.5,4.0
3447,Mindtree,Senior Data Analyst,2,8.0,6.0,12.6,19,6.6,2.6666666666666665
2787,S&P Global,Senior Data Analyst,3,8.0,5.7,11.0,19,5.3,2.0
4479,EXL Service,Senior Data Analyst,2,7.6,4.0,12.0,18,8.0,2.533333333333333
4358,DXC Technology,Senior Data Analyst,5,14.0,6.9,20.0,18,13.1,2.3333333333333335
8492,R1 RCM,Senior Data Analyst,3,5.4,3.9,6.9,18,3.0000000000000004,1.35
4027,KPMG,Senior Data Analyst,1,8.0,4.2,11.8,18,7.6000000000000005,4.0
2961,Zensar Technologies,Senior Data Analyst,4,6.3,4.0,10.6,17,6.6,1.26
6135,Schneider Electric,Senior Data Analyst,2,9.6,6.0,17.0,17,11.0,3.1999999999999997
1093,WNS,Senior Data Analyst,2,6.1,4.0,8.0,17,4.0,2.033333333333333
1411,Genpact,Senior Data Analyst,3,6.2,4.3,11.0,17,6.7,1.55
2218,NTT DATA,Senior Data Analyst,2,7.2,4.0,11.5,17,7.5,2.4
2895,Ganit Business Solutions,Senior Data Analyst,0,7.4,5.2,10.5,17,5.3,7.4
6411,HSBC,Senior Data Analyst,2,11.9,7.1,16.0,17,8.9,3.966666666666667
2308,Synchrony,Senior Data Analyst,2,7.5,5.0,12.5,16,7.5,2.5
1297,Kantar,Senior Data Analyst,2,6.0,4.5,8.4,16,3.9000000000000004,2.0
3421,Unire Business Solutions,Senior Data Analyst,0,1.9,1.4,2.5,16,1.1,1.9
4208,JP Morgan Chase,Senior Data Analyst,3,12.8,7.4,18.0,16,10.6,3.2
3301,Dynata,Senior Data Analyst,4,8.8,7.5,10.3,16,2.8000000000000007,1.7600000000000002
8877,PwC,Senior Data Analyst,3,11.1,5.8,20.0,16,14.2,2.775
8777,Indegene,Senior Data Analyst,2,15.6,11.4,20.5,15,9.1,5.2
3852,Lowe's,Senior Data Analyst,1,17.4,10.4,20.0,15,9.6,8.7
2247,Ameriprise Financial,Senior Data Analyst,3,14.2,10.0,18.1,15,8.100000000000001,3.55
8570,Barclays,Senior Data Analyst,3,13.8,9.0,19.4,15,10.399999999999999,3.45
2476,Continental Automotive Components,Senior Data Analyst,2,2.9,2.5,3.5,15,1.0,0.9666666666666667
7033,Johnson & Johnson,Senior Data Analyst,4,12.0,5.8,20.0,15,14.2,2.4
4336,JLL,Senior Data Analyst,3,6.3,4.5,13.0,15,8.5,1.575
3427,Paytm,Senior Data Analyst,3,7.6,5.0,11.0,15,6.0,1.9
4910,Oracle,Senior Data Analyst,3,7.7,4.2,15.0,15,10.8,1.925
7892,HERE Technologies,Senior Data Analyst,4,5.1,4.5,6.5,14,2.0,1.02
6583,CAMP Systems,Senior Data Analyst,4,5.1,3.8,6.2,14,2.4000000000000004,1.02
5259,Ericsson,Senior Data Analyst,2,8.9,5.0,13.0,14,8.0,2.966666666666667
5472,Novartis Healthcare,Senior Data Analyst,2,12.8,6.0,19.0,14,13.0,4.266666666666667
2329,E2OPEN,Senior Data Analyst,5,6.1,4.9,8.3,14,3.4000000000000004,1.0166666666666666
8387,Bank of America,Senior Data Analyst,5,19.2,11.7,26.0,14,14.3,3.1999999999999997
6131,Nielsen,Senior Data Analyst,2,5.9,3.1,9.5,14,6.4,1.9666666666666668
2089,VASTA BIO-INFORMATICS,Senior Data Analyst,1,3.6,3.3,4.3,14,1.0,1.8
4580,VeeTechnologies,Senior Data Analyst,2,3.0,2.0,4.0,14,2.0,1.0
7439,Nailbiter Research,Senior Data Analyst,0,4.7,4.2,5.2,14,1.0,4.7
5055,Hewlett-Packard Enterprise,Senior Data Analyst,3,8.8,5.0,17.7,13,12.7,2.2
6547,S&P Global Market Intelligence,Senior Data Analyst,5,6.9,4.9,9.5,13,4.6,1.1500000000000001
6894,MakeMyTrip,Senior Data Analyst,4,7.5,6.0,9.0,12,3.0,1.5
2874,Advantmed,Senior Data Analyst,3,7.1,4.0,12.0,12,8.0,1.775
7732,Sutherland Global Services,Senior Data Analyst,2,6.6,5.0,8.5,12,3.5,2.1999999999999997
3909,Citibank,Senior Data Analyst,2,17.4,16.0,19.5,12,3.5,5.8
8266,Mercer,Senior Data Analyst,1,4.6,3.0,6.5,12,3.5,2.3
2127,American Express,Senior Data Analyst,2,14.7,6.1,25.0,12,18.9,4.8999999999999995
3740,Shadowfax Technologies,Senior Data Analyst,0,7.7,6.3,10.0,11,3.7,7.7
5129,Resilinc,Senior Data Analyst,4,5.8,5.0,7.0,11,2.0,1.16
2873,Bluemind Solutions,Senior Data Analyst,4,3.1,2.8,3.5,11,0.7000000000000002,0.62
8466,Denave,Senior Data Analyst,2,6.7,3.5,9.8,11,6.300000000000001,2.2333333333333334
8702,Cross-tab Marketing Services,Senior Data Analyst,0,5.0,3.5,7.0,11,3.5,5.0
3783,Wissend,Senior Data Analyst,0,1.9,1.4,2.2,11,0.8000000000000003,1.9
1165,Infosys BPM,Senior Data Analyst,2,8.9,3.8,17.0,11,13.2,2.966666666666667
5574,Adobe,Senior Data Analyst,5,14.5,9.8,20.0,10,10.2,2.4166666666666665
3044,BNY Mellon,Senior Data Analyst,3,10.4,4.9,13.5,10,8.6,2.6
3959,Shell,Senior Data Analyst,4,12.4,7.9,20.0,10,12.1,2.48
8834,Target,Senior Data Analyst,2,13.7,9.9,18.0,10,8.1,4.566666666666666
4600,Dell EMC,Senior Data Analyst,3,9.4,8.5,11.1,10,2.5999999999999996,2.35
5638,comScore,Senior Data Analyst,5,19.7,13.5,24.0,10,10.5,3.283333333333333
1405,Fedby Information Services,Senior Data Analyst,3,4.6,4.0,5.5,10,1.5,1.15
3851,Experis IT,Senior Data Analyst,5,8.2,6.6,9.8,10,3.200000000000001,1.3666666666666665
8688,Phoenix American Sales Focus Solutions India,Senior Data Analyst,3,5.7,5.0,7.0,10,2.0,1.425
7670,Collabera Technologies,Senior Data Analyst,2,8.7,7.5,10.5,10,3.0,2.9
4624,SG Analytics,Senior Data Analyst,3,7.0,6.0,8.3,10,2.3000000000000007,1.75
4417,Mobikwik,Senior Data Analyst,3,13.9,11.0,17.0,10,6.0,3.475
4174,Ecolab Digital Center,Senior Data Analyst,6,17.6,11.2,22.3,10,11.100000000000001,2.5142857142857147
4429,Oyo Rooms,Senior Data Analyst,4,11.4,7.0,16.0,9,9.0,2.2800000000000002
5522,Randstad,Senior Data Analyst,3,6.9,2.5,12.0,9,9.5,1.725
5253,Clarivate Analytics,Senior Data Analyst,1,17.7,10.0,26.5,9,16.5,8.85
8400,Rapido,Senior Data Analyst,2,14.9,6.5,20.4,9,13.899999999999999,4.966666666666667
4517,Standard Chartered Bank,Senior Data Analyst,2,12.7,5.0,30.0,9,25.0,4.233333333333333
2578,Equifax,Senior Data Analyst,3,6.2,3.5,8.5,9,5.0,1.55
4573,Tesco,Senior Data Analyst,1,10.3,5.8,15.5,9,9.7,5.15
7253,QL2 Software,Senior Data Analyst,4,3.4,2.7,5.5,9,2.8,0.6799999999999999
2554,Vodafone Idea,Senior Data Analyst,3,10.2,5.2,15.8,9,10.600000000000001,2.55
2846,IQVIA,Senior Data Analyst,3,12.4,8.0,15.3,9,7.300000000000001,3.1
5485,InSync Analytics,Senior Data Analyst,4,3.6,3.1,4.0,9,0.8999999999999999,0.72
4068,Landis+Gyr,Senior Data Analyst,5,15.0,12.6,17.5,9,4.9,2.5
2815,DecisionTree Analytics & Services,Senior Data Analyst,3,12.8,9.0,17.0,9,8.0,3.2
6072,Yodlee,Senior Data Analyst,4,7.4,5.0,9.0,8,4.0,1.48
7667,Yash Technologies,Senior Data Analyst,7,5.8,4.6,7.5,8,2.9000000000000004,0.725
8439,Teleperformance,Senior Data Analyst,2,3.0,2.0,4.4,8,2.4000000000000004,1.0
1863,Wunderman,Senior Data Analyst,2,5.7,4.5,7.4,8,2.9000000000000004,1.9000000000000001
5802,Xiaomi,Senior Data Analyst,5,9.5,8.1,10.5,8,2.4000000000000004,1.5833333333333333
7827,Sentieo,Senior Data Analyst,2,5.9,5.0,7.0,8,2.0,1.9666666666666668
1596,Fidelity National Information Services,Senior Data Analyst,4,9.7,6.5,14.0,8,7.5,1.94
4609,Thomson Reuters,Senior Data Analyst,3,10.5,8.0,15.0,8,7.0,2.625
1159,Maersk,Senior Data Analyst,3,7.1,5.0,9.0,8,4.0,1.775
1241,Home Credit Finance,Senior Data Analyst,3,7.6,4.8,10.0,8,5.2,1.9
8814,Standard Chartered Global Business Services,Senior Data Analyst,4,18.5,10.5,27.4,8,16.9,3.7
6111,Mr Cooper,Senior Data Analyst,2,13.0,11.0,15.0,8,4.0,4.333333333333333
8388,Hudson's bay Company,Senior Data Analyst,3,15.7,13.2,18.9,8,5.699999999999999,3.925
5385,S&P Capital IQ,Senior Data Analyst,3,6.4,5.0,9.2,8,4.199999999999999,1.6
6368,Merkle Sokrati,Senior Data Analyst,1,9.1,7.8,12.3,8,4.500000000000001,4.55
7373,Games24x7,Senior Data Analyst,5,17.9,11.5,23.1,8,11.600000000000001,2.983333333333333
4583,Iris Software,Senior Data Analyst,5,14.4,10.0,20.0,8,10.0,2.4
7974,Axis Bank,Senior Data Analyst,0,7.0,5.0,8.3,8,3.3000000000000007,7.0
7078,Mphasis,Senior Data Analyst,4,10.3,9.0,11.5,8,2.5,2.06
3586,Whitehat jr,Senior Data Analyst,2,12.6,8.0,17.0,8,9.0,4.2
1069,Blinkit,Senior Data Analyst,1,16.7,13.5,23.0,8,9.5,8.35
3651,BUDDI.AI,Senior Data Analyst,3,4.2,4.0,5.0,8,1.0,1.05
5685,Cartesian Consulting,Senior Data Analyst,1,7.5,5.6,11.0,7,5.4,3.75
5674,Fuel Intelligence,Senior Data Analyst,2,4.5,4.0,5.0,7,1.0,1.5
8174,General Mills,Senior Data Analyst,4,12.2,9.0,15.5,7,6.5,2.44
1548,Cisco Systems,Senior Data Analyst,7,15.3,13.2,20.3,7,7.100000000000001,1.9125
2289,TIAA Global Business Services,Senior Data Analyst,6,15.5,12.0,21.5,7,9.5,2.2142857142857144
6765,Nailbiter,Senior Data Analyst,1,4.9,4.5,5.2,7,0.7000000000000002,2.45
3141,Aon,Senior Data Analyst,2,7.0,3.8,12.2,7,8.399999999999999,2.3333333333333335
5717,Aakash Institute,Senior Data Analyst,1,5.3,3.8,6.5,7,2.7,2.65
3920,D2L Pharma Research Solutions,Senior Data Analyst,4,4.3,3.4,5.2,7,1.8000000000000003,0.86
1699,HARMAN,Senior Data Analyst,5,9.4,6.5,12.2,7,5.699999999999999,1.5666666666666667
7242,Vaco Binary Semantics,Senior Data Analyst,1,5.0,3.5,6.8,7,3.3,2.5
1250,B3Intelligence,Senior Data Analyst,3,6.8,4.0,8.5,7,4.5,1.7
8278,Sapient Corporation,Senior Data Analyst,3,12.1,5.1,20.8,7,15.700000000000001,3.025
3960,Legato Health Technologies,Senior Data Analyst,6,14.3,11.7,21.0,7,9.3,2.042857142857143
3800,Fidelity National Financial,Senior Data Analyst,2,4.9,3.5,6.2,7,2.7,1.6333333333333335
4574,Zomato,Senior Data Analyst,0,6.2,5.5,7.3,7,1.7999999999999998,6.2
6952,Symphony Retail AI,Senior Data Analyst,3,10.5,10.0,11.0,7,1.0,2.625
2082,Myntra,Senior Data Analyst,5,11.9,7.5,23.0,7,15.5,1.9833333333333334
2160,KPI Partners,Senior Data Analyst,6,13.9,11.0,16.0,7,5.0,1.9857142857142858
6774,Reliance Retail,Senior Data Analyst,2,6.0,4.5,6.8,7,2.3,2.0
8484,Publicis,Senior Data Analyst,3,14.9,7.5,20.0,7,12.5,3.725
5173,TEKsystems,Senior Data Analyst,4,12.2,10.0,13.5,7,3.5,2.44
5395,Mobile Premier League,Senior Data Analyst,1,25.2,20.0,28.0,7,8.0,12.6
4791,Citigroup,Senior Data Analyst,2,17.0,14.0,21.0,7,7.0,5.666666666666667
1331,LearningMate Solutions,Senior Data Analyst,4,9.1,8.0,10.8,6,2.8000000000000007,1.8199999999999998
7095,Encore Capital Group,Senior Data Analyst,3,8.5,7.5,9.1,6,1.5999999999999996,2.125
8186,MResult Services,Senior Data Analyst,5,8.4,7.0,9.0,6,2.0,1.4000000000000001
7897,XL Catlin,Senior Data Analyst,3,14.9,11.8,17.4,6,5.599999999999998,3.725
8636,Williams Lea Tag,Senior Data Analyst,5,6.6,5.0,9.0,6,4.0,1.0999999999999999
3326,Ninjacart,Senior Data Analyst,2,6.7,6.0,9.5,6,3.5,2.2333333333333334
6243,Bajaj Finserv,Senior Data Analyst,3,11.4,9.4,15.0,6,5.6,2.85
7539,Collegedunia,Senior Data Analyst,1,4.3,3.6,5.0,6,1.4,2.15
8127,Arthur J. Gallagher & Co,Senior Data Analyst,3,5.5,5.0,6.6,6,1.5999999999999996,1.375
4568,Athenahealth Technology,Senior Data Analyst,6,6.1,5.6,6.6,6,1.0,0.8714285714285713
8924,ADP Solutions,Senior Data Analyst,3,10.0,4.5,17.5,6,13.0,2.5
2900,UST,Senior Data Analyst,5,10.4,6.0,12.0,6,6.0,1.7333333333333334
1261,L&T Infotech,Senior Data Engineer,2,11.0,6.0,17.0,729,11.0,3.6666666666666665
6075,Quantiphi Analytics Solutions,Senior Data Engineer,2,15.0,9.5,22.5,137,13.0,5.0
3355,IBM,Senior Data Engineer,3,16.9,10.0,25.0,112,15.0,4.225
2019,Maersk,Senior Data Engineer,5,21.1,13.4,31.0,110,17.6,3.516666666666667
5441,Optum,Senior Data Engineer,5,16.5,11.9,21.0,83,9.1,2.75
7401,Accenture,Senior Data Engineer,3,14.3,9.5,22.9,83,13.399999999999999,3.575
7834,TCS,Senior Data Engineer,5,13.3,7.9,20.9,65,12.999999999999998,2.216666666666667
5687,Wells Fargo India,Senior Data Engineer,7,21.9,16.9,31.5,64,14.600000000000001,2.7375
3153,Altimetrik,Senior Data Engineer,4,15.2,9.5,21.1,56,11.600000000000001,3.04
3909,Coforge,Senior Data Engineer,4,15.3,12.0,18.6,53,6.600000000000001,3.06
2794,Cognizant,Senior Data Engineer,4,15.1,9.0,23.0,51,14.0,3.02
5391,Sapient Corporation,Senior Data Engineer,4,19.4,15.0,26.0,51,11.0,3.88
3669,Fractal Analytics,Senior Data Engineer,4,21.8,16.0,30.0,49,14.0,4.36
1037,Enquero,Senior Data Engineer,2,15.8,11.5,20.0,46,8.5,5.266666666666667
3471,Walmart,Senior Data Engineer,6,35.7,23.0,49.3,44,26.299999999999997,5.1000000000000005
5772,Shell,Senior Data Engineer,3,23.3,11.2,36.0,42,24.8,5.825
4234,UnitedHealth,Senior Data Engineer,5,16.1,12.2,25.0,42,12.8,2.6833333333333336
8386,Wipro,Senior Data Engineer,4,13.1,8.0,20.0,40,12.0,2.62
4606,Larsen & Toubro Limited,Senior Data Engineer,2,10.4,6.5,16.0,40,9.5,3.466666666666667
6867,Mindtree,Senior Data Engineer,2,6.7,5.8,10.0,36,4.2,2.2333333333333334
2016,Capgemini,Senior Data Engineer,3,16.4,6.8,23.5,35,16.7,4.1
1684,Teradata,Senior Data Engineer,5,13.5,10.0,18.6,34,8.600000000000001,2.25
5605,Visa,Senior Data Engineer,3,27.3,20.0,32.6,31,12.600000000000001,6.825
6184,Ernst & Young,Senior Data Engineer,3,18.5,12.0,28.5,30,16.5,4.625
3549,Concentrix Corporation,Senior Data Engineer,2,5.4,4.2,6.6,28,2.3999999999999995,1.8
3017,HCL Technologies,Senior Data Engineer,4,18.0,5.0,30.0,28,25.0,3.6
2181,Lowe's,Senior Data Engineer,5,18.9,16.0,25.0,26,9.0,3.15
3474,Indium Software,Senior Data Engineer,3,15.5,9.0,22.0,26,13.0,3.875
5978,Target,Senior Data Engineer,3,22.1,15.5,30.0,25,14.5,5.525
8174,Tech Mahindra,Senior Data Engineer,4,14.3,7.3,27.0,23,19.7,2.8600000000000003
4095,Deloitte,Senior Data Engineer,4,16.3,10.5,22.0,23,11.5,3.2600000000000002
4217,Amazon,Senior Data Engineer,6,32.0,18.0,45.0,19,27.0,4.571428571428571
3206,DXC Technology,Senior Data Engineer,5,14.7,9.6,24.2,19,14.6,2.4499999999999997
8759,Tiger Analytics,Senior Data Engineer,5,22.1,15.0,28.0,19,13.0,3.6833333333333336
3293,GE Healthcare,Senior Data Engineer,5,17.8,13.0,24.8,18,11.8,2.966666666666667
1825,Morgan Stanley,Senior Data Engineer,6,28.8,20.0,36.5,18,16.5,4.114285714285715
5572,EPAM Systems,Senior Data Engineer,4,23.1,17.0,27.0,18,10.0,4.62
8874,NIIT Technologies,Senior Data Engineer,2,15.0,14.5,15.5,17,1.0,5.0
2545,GE,Senior Data Engineer,4,19.3,14.0,25.2,16,11.2,3.8600000000000003
8403,JLL,Senior Data Engineer,4,23.5,16.5,33.0,16,16.5,4.7
3114,Nagarro,Senior Data Engineer,3,24.1,17.0,32.0,16,15.0,6.025
3013,NIKE,Senior Data Engineer,5,31.0,27.0,35.0,16,8.0,5.166666666666667
6927,Micron Technology,Senior Data Engineer,5,19.8,12.5,29.0,16,16.5,3.3000000000000003
4999,Nokia,Senior Data Engineer,5,17.5,13.5,25.0,14,11.5,2.9166666666666665
6789,UST,Senior Data Engineer,4,14.5,9.3,21.0,14,11.7,2.9
3935,Wavicle Data Solutions,Senior Data Engineer,0,11.8,9.0,15.6,14,6.6,11.8
5076,KPI Partners,Senior Data Engineer,4,17.1,13.5,22.3,14,8.8,3.4200000000000004
8837,Happiest Minds Technologies,Senior Data Engineer,5,16.3,9.5,24.5,13,15.0,2.716666666666667
2545,BCG,Senior Data Engineer,4,24.7,20.1,28.0,13,7.899999999999999,4.9399999999999995
3755,Infosys,Senior Data Engineer,2,8.7,4.5,15.5,13,11.0,2.9
4023,JP Morgan Chase,Senior Data Engineer,5,22.3,11.9,28.0,13,16.1,3.716666666666667
4444,Philips,Senior Data Engineer,2,17.5,15.0,22.0,12,7.0,5.833333333333333
2606,Innova Solutions,Senior Data Engineer,7,27.1,16.0,40.0,12,24.0,3.3875
8804,Legato Health Technologies,Senior Data Engineer,4,16.9,11.0,22.0,12,11.0,3.38
5376,DUNNHUMBY IT SERVICES INDIA,Senior Data Engineer,2,13.2,11.0,18.0,12,7.0,4.3999999999999995
7827,Ecolab Digital Center,Senior Data Engineer,5,17.1,12.3,19.8,12,7.5,2.85
5349,Bosch Global Software Technologies,Senior Data Engineer,2,13.8,9.0,22.0,11,13.0,4.6000000000000005
7599,Maersk Line,Senior Data Engineer,4,21.5,16.2,29.5,11,13.3,4.3
6436,Commonwealth Bank of Australia,Senior Data Engineer,7,31.7,20.8,43.1,11,22.3,3.9625
8010,Cisco Systems,Senior Data Engineer,10,25.9,22.0,32.0,11,10.0,2.3545454545454545
8941,Tredence,Senior Data Engineer,1,10.7,8.0,15.0,11,7.0,5.35
6194,Oracle,Senior Data Engineer,5,29.2,15.0,51.0,11,36.0,4.866666666666666
6057,Lenovo,Senior Data Engineer,4,13.5,12.0,17.0,10,5.0,2.7
5326,Photon Interactive,Senior Data Engineer,4,8.1,6.4,10.0,10,3.5999999999999996,1.6199999999999999
4934,Intersoft Data Labs,Senior Data Engineer,3,29.2,20.0,37.8,10,17.799999999999997,7.3
5877,Lumiq.ai,Senior Data Engineer,3,14.0,10.0,17.5,10,7.5,3.5
3237,Dell,Senior Data Engineer,2,13.2,9.2,18.0,10,8.8,4.3999999999999995
8163,SpringML,Senior Data Engineer,2,11.1,8.5,16.5,10,8.0,3.6999999999999997
7150,Verizon,Senior Data Engineer,4,17.6,10.0,30.2,9,20.2,3.5200000000000005
4732,Dunnhumby,Senior Data Engineer,2,13.6,10.0,18.0,9,8.0,4.533333333333333
5197,Hewlett-Packard Enterprise,Senior Data Engineer,3,24.9,9.0,35.0,9,26.0,6.225
8559,Bajaj Finserv,Senior Data Engineer,1,14.4,9.7,19.0,9,9.3,7.2
6218,Ab Inbev,Senior Data Engineer,8,26.4,20.0,35.0,9,15.0,2.933333333333333
2133,Collabera Technologies,Senior Data Engineer,4,15.1,11.0,25.0,9,14.0,3.02
3370,GE Aviation,Senior Data Engineer,8,18.7,16.0,24.0,9,8.0,2.0777777777777775
4061,News Technology Services,Senior Data Engineer,5,17.4,12.3,21.0,9,8.7,2.9
4700,ZS,Senior Data Engineer,2,18.6,15.0,23.0,9,8.0,6.2
3212,NTT DATA,Senior Data Engineer,2,19.9,11.0,28.6,9,17.6,6.633333333333333
8450,Koch Business Solutions,Senior Data Engineer,7,29.5,23.0,37.0,9,14.0,3.6875
6502,PwC,Senior Data Engineer,4,17.0,11.4,24.0,9,12.6,3.4
2330,McKinsey & Company,Senior Data Engineer,5,26.6,19.0,33.0,8,14.0,4.433333333333334
2302,Indegene,Senior Data Engineer,3,15.7,10.0,18.8,8,8.8,3.925
3901,Johnson & Johnson,Senior Data Engineer,4,16.4,12.0,21.0,8,9.0,3.28
1393,Optum Global Solutions,Senior Data Engineer,7,18.5,14.5,23.5,8,9.0,2.3125
5905,DBS Bank,Senior Data Engineer,5,20.4,14.0,30.0,8,16.0,3.4
3309,Bank of America,Senior Data Engineer,4,16.1,13.5,19.3,8,5.800000000000001,3.22
3917,American Express,Senior Data Engineer,7,28.6,22.0,40.0,8,18.0,3.575
5663,Nisum Technologies,Senior Data Engineer,3,20.1,18.0,24.0,8,6.0,5.025
7159,Mphasis,Senior Data Engineer,5,13.8,8.7,20.0,8,11.3,2.3000000000000003
5587,Samsung,Senior Data Engineer,4,15.2,10.0,21.0,8,11.0,3.04
7396,MakeMyTrip,Senior Data Engineer,3,26.4,17.0,37.0,7,20.0,6.6
7499,Saama Technologies,Senior Data Engineer,4,16.5,13.7,21.2,7,7.5,3.3
6005,TO THE NEW,Senior Data Engineer,4,18.9,18.0,20.0,7,2.0,3.78
5448,PayPal,Senior Data Engineer,6,23.7,19.0,28.0,7,9.0,3.3857142857142857
8883,Harman Connected Services,Senior Data Engineer,5,19.8,14.0,32.0,7,18.0,3.3000000000000003
7936,ITC Infotech India,Senior Data Engineer,4,16.8,10.6,21.5,7,10.9,3.3600000000000003
7355,IQVIA,Senior Data Engineer,4,17.3,13.0,21.5,7,8.5,3.46
3402,Luxoft,Senior Data Engineer,5,19.5,15.0,23.0,7,8.0,3.25
6249,Paytm,Senior Data Engineer,4,25.9,20.0,33.0,7,13.0,5.18
8302,Citicorp,Senior Data Engineer,4,23.1,18.8,28.0,7,9.2,4.62
8836,Axa XL,Senior Data Engineer,4,7.7,7.0,9.2,7,2.1999999999999993,1.54
3856,TEKsystems,Senior Data Engineer,5,16.4,10.5,26.0,7,15.5,2.733333333333333
5649,HSBC,Senior Data Engineer,5,16.1,12.0,20.0,7,8.0,2.6833333333333336
2135,AstraZeneca,Senior Data Engineer,9,14.0,11.0,19.0,6,8.0,1.4
2299,BlazeClan Technologies,Senior Data Engineer,4,10.0,7.3,11.7,6,4.3999999999999995,2.0
7892,Data Semantics,Senior Data Engineer,7,15.4,11.0,17.4,6,6.399999999999999,1.925
8906,Birlasoft,Senior Data Engineer,4,12.0,8.8,13.5,6,4.699999999999999,2.4
3042,Xpo Logistics,Senior Data Engineer,6,16.3,14.0,18.0,6,4.0,2.3285714285714287
7012,Renault Nissan Technology & Business Centre India,Senior Data Engineer,5,8.2,7.7,9.1,6,1.3999999999999995,1.3666666666666665
3802,DataWeave,Senior Data Engineer,3,13.5,11.3,16.0,6,4.699999999999999,3.375
5650,Eli Lilly and Company,Senior Data Engineer,7,25.4,17.4,32.0,6,14.600000000000001,3.175
1056,DataMetica,Senior Data Engineer,4,13.3,7.5,23.0,6,15.5,2.66
1048,InfoStretch,Senior Data Engineer,4,16.8,10.7,23.0,6,12.3,3.3600000000000003
3863,GE Transportation,Senior Data Engineer,8,22.2,21.0,23.0,6,2.0,2.466666666666667
3918,Baker Hughes,Senior Data Engineer,8,21.4,16.0,27.1,6,11.100000000000001,2.3777777777777778
1765,Intuit,Senior Data Engineer,8,39.0,26.0,47.0,5,21.0,4.333333333333333
2816,Expedia,Senior Data Engineer,6,34.8,30.0,41.3,5,11.299999999999997,4.971428571428571
6860,Yash Technologies,Senior Data Engineer,5,14.5,10.0,16.0,5,6.0,2.4166666666666665
2110,IHS Markit,Senior Data Engineer,6,24.0,19.0,27.0,5,8.0,3.4285714285714284
1264,Swiss Re,Senior Data Engineer,6,20.2,17.0,25.0,5,8.0,2.8857142857142857
4668,Dun & Bradstreet,Senior Data Engineer,7,18.0,14.2,23.0,5,8.8,2.25
1613,Siemens Healthineers,Senior Data Engineer,4,20.0,14.0,24.0,5,10.0,4.0
1188,Apar Technologies,Senior Data Engineer,8,24.5,21.5,28.0,5,6.5,2.7222222222222223
7288,GE Digital,Senior Data Engineer,7,16.9,15.0,19.9,5,4.899999999999999,2.1125
2903,Riskonnect,Senior Data Engineer,4,8.5,7.0,9.8,5,2.8000000000000007,1.7
3356,T-Systems,Senior Data Engineer,7,21.2,17.5,23.5,5,6.0,2.65
8414,NCR Corporation,Senior Data Engineer,4,16.0,11.3,22.6,5,11.3,3.2
3343,BA Continuum,Senior Data Engineer,7,19.6,17.4,21.0,5,3.6000000000000014,2.45
2769,Softcrylic Technology Solutions,Senior Data Engineer,4,18.6,10.0,29.5,5,19.5,3.72
2156,Rakuten,Senior Data Engineer,5,23.2,16.6,30.9,5,14.299999999999997,3.8666666666666667
1141,Honeywell Technology Solutions,Senior Data Engineer,2,22.5,20.1,24.0,5,3.8999999999999986,7.5
5628,GlobalLogic,Senior Data Engineer,3,17.3,10.4,23.1,5,12.700000000000001,4.325
1241,Emirates Airlines,Senior Data Engineer,6,68.3,20.0,94.0,5,74.0,9.757142857142856
2007,ValueLabs,Senior Data Engineer,5,19.5,15.0,21.7,5,6.699999999999999,3.25
7656,GEP Worldwide,Senior Data Engineer,4,15.5,13.5,17.5,5,4.0,3.1
6282,Ameriprise Financial,Senior Data Engineer,3,11.7,10.0,15.0,5,5.0,2.925
5450,Gartner India Research and Advisory Services,Senior Data Engineer,3,20.0,16.5,24.5,5,8.0,5.0
5772,Information Evolution,Senior Data Engineer,3,3.4,2.5,4.3,5,1.7999999999999998,0.85
1207,Alliance Data,Senior Data Engineer,4,16.9,14.5,19.0,5,4.5,3.38
1241,Franklin Templeton International Services,Senior Data Engineer,5,18.7,14.2,23.5,5,9.3,3.1166666666666667
7539,Boeing,Senior Data Engineer,7,22.2,14.0,27.0,5,13.0,2.775
6365,Kloud 9,Senior Data Engineer,7,29.9,24.0,39.0,5,15.0,3.7375
4492,Algonomy,Senior Data Engineer,8,15.2,13.5,16.3,5,2.8000000000000007,1.6888888888888889
3633,Tavant Technologies,Senior Data Engineer,4,13.7,10.5,16.5,5,6.0,2.7399999999999998
2090,Cgi Group,Senior Data Engineer,5,12.0,6.5,15.4,5,8.9,2.0
6487,Societe Generale,Senior Data Engineer,7,21.9,12.5,34.5,5,22.0,2.7375
8400,Mr Cooper,Senior Data Engineer,4,13.8,9.0,17.0,5,8.0,2.7600000000000002
6787,ValueMomentum,Senior Data Engineer,4,19.4,12.0,27.0,5,15.0,3.88
4075,Clairvoyant India,Senior Data Engineer,5,16.1,12.0,20.0,5,8.0,2.6833333333333336
3862,Mercedes-Benz Research & Development India,Senior Data Engineer,3,26.2,11.5,60.0,5,48.5,6.55
8290,Knoema IT Solutions,Senior Data Engineer,4,8.9,5.3,13.0,5,7.7,1.78
7450,Evalueserve,Senior Data Engineer,4,12.5,10.4,17.4,5,6.999999999999998,2.5
2029,Uber,Senior Data Engineer,7,66.3,34.5,93.0,5,58.5,8.2875
4983,GGK Technologies,Senior Data Engineer,5,11.2,9.0,14.5,5,5.5,1.8666666666666665
2232,Anju Software,Senior Data Engineer,4,16.9,6.8,20.0,5,13.2,3.38
2936,phData,Senior Data Engineer,4,20.0,16.0,25.0,5,9.0,4.0
3616,ACS Solution,Senior Data Engineer,3,15.2,13.8,16.4,5,2.599999999999998,3.8
6775,MassMutual,Senior Data Engineer,6,19.3,18.3,21.0,5,2.6999999999999993,2.757142857142857
7634,ConcertAI,Senior Data Engineer,5,28.2,22.0,32.0,5,10.0,4.7
1776,Onepoint IT Consulting,Senior Data Engineer,4,10.3,9.6,10.8,4,1.200000000000001,2.06
1784,Sapient Global Markets,Senior Data Engineer,5,19.9,15.0,25.0,4,10.0,3.3166666666666664
3278,Marlabs,Senior Data Engineer,2,14.2,6.7,20.0,4,13.3,4.733333333333333
4124,Red Hat,Senior Data Engineer,2,18.9,11.8,26.0,4,14.2,6.3
1076,EXL Service,Senior Data Engineer,3,18.7,13.0,23.6,4,10.600000000000001,4.675
3422,Advance Auto Parts,Senior Data Engineer,7,25.7,24.0,28.9,4,4.899999999999999,3.2125
1583,Telstra,Senior Data Engineer,7,27.6,18.0,32.0,4,14.0,3.45
4777,GE Power,Senior Data Engineer,8,15.4,11.0,22.0,4,11.0,1.7111111111111112
5784,Epsilon,Senior Data Engineer,8,23.8,16.5,26.8,4,10.3,2.6444444444444444
7490,Cimpress,Senior Data Engineer,4,20.5,15.0,23.0,4,8.0,4.1
3262,Senvion,Senior Data Engineer,4,12.7,9.0,16.0,4,7.0,2.54
4343,USEReady,Senior Data Engineer,4,14.3,9.4,18.4,4,8.999999999999998,2.8600000000000003
4731,Milliman,Senior Data Engineer,5,19.5,14.1,25.0,4,10.9,3.25
4942,Blackhawk Network,Senior Data Engineer,5,21.8,16.4,25.0,4,8.600000000000001,3.6333333333333333
8937,Wabtec,Senior Data Engineer,9,20.0,19.0,21.0,4,2.0,2.0
8506,KrazyBee,Senior Data Engineer,3,10.3,8.5,15.7,4,7.199999999999999,2.575
3916,Roche Diagnostics,Senior Data Engineer,5,33.1,23.5,43.0,4,19.5,5.516666666666667
3081,Fidelity National Information Services,Senior Data Engineer,6,20.1,12.0,23.8,4,11.8,2.8714285714285714
6757,XL Health,Senior Data Engineer,4,9.9,8.5,12.0,4,3.5,1.98
4714,ADP Solutions,Senior Data Engineer,4,14.3,11.6,19.0,4,7.4,2.8600000000000003
8979,Hexaware Technologies,Senior Data Engineer,8,18.4,13.0,22.8,4,9.8,2.0444444444444443
3261,Citibank,Senior Data Engineer,6,18.2,14.0,20.0,4,6.0,2.6
2509,Akamai Technologies,Senior Data Engineer,5,24.1,21.8,25.1,4,3.3000000000000007,4.016666666666667
5427,Quest Global,Senior Data Engineer,8,20.3,17.0,24.0,4,7.0,2.2555555555555555
8730,TCS,Machine Learning Engineer,1,5.8,4.0,9.3,193,5.300000000000001,2.9
7970,Quantiphi Analytics Solutions,Machine Learning Engineer,1,11.2,7.4,15.0,174,7.6,5.6
3670,Accenture,Machine Learning Engineer,2,9.9,5.4,15.2,61,9.799999999999999,3.3000000000000003
5039,Wipro,Machine Learning Engineer,1,5.9,3.5,13.0,45,9.5,2.95
4623,Tiger Analytics,Machine Learning Engineer,0,13.6,9.0,22.0,37,13.0,13.6
6359,Capgemini,Machine Learning Engineer,2,6.3,4.5,12.1,29,7.6,2.1
3690,Infosys,Machine Learning Engineer,2,6.7,4.3,14.7,28,10.399999999999999,2.2333333333333334
5388,Cognizant,Machine Learning Engineer,1,8.0,4.0,15.2,28,11.2,4.0
8641,HCL Technologies,Machine Learning Engineer,0,8.3,4.2,14.0,21,9.8,8.3
7359,Tech Mahindra,Machine Learning Engineer,1,7.3,3.9,16.2,20,12.299999999999999,3.65
8279,IBM,Machine Learning Engineer,3,9.3,4.5,13.2,18,8.7,2.325
5845,Deloitte,Machine Learning Engineer,2,13.7,8.3,21.0,14,12.7,4.566666666666666
8614,Amazon,Machine Learning Engineer,1,12.5,4.2,28.5,13,24.3,6.25
5078,Qualcomm,Machine Learning Engineer,0,19.4,12.0,29.8,12,17.8,19.4
1639,OptiSol Business Solutions,Machine Learning Engineer,0,5.6,3.5,8.5,11,5.0,5.6
5795,Mindtree,Machine Learning Engineer,1,5.3,3.5,7.0,10,3.5,2.65
2328,Virtusa Consulting Services,Machine Learning Engineer,0,5.1,4.0,9.0,9,5.0,5.1
5245,Ford Motor,Machine Learning Engineer,2,11.8,7.5,16.0,9,8.5,3.9333333333333336
4868,Samsung Research,Machine Learning Engineer,1,17.4,11.0,25.0,9,14.0,8.7
7490,DXC Technology,Machine Learning Engineer,2,7.3,4.0,11.0,8,7.0,2.433333333333333
5325,UST,Machine Learning Engineer,2,6.7,5.0,9.0,8,4.0,2.2333333333333334
6058,Reliance jio,Machine Learning Engineer,2,9.2,5.5,15.0,8,9.5,3.0666666666666664
6517,Straive,Machine Learning Engineer,3,9.3,4.5,13.5,8,9.0,2.325
2325,e-Zest,Machine Learning Engineer,0,4.5,2.1,7.0,7,4.9,4.5
6763,Trantor,Machine Learning Engineer,1,9.4,7.0,16.5,7,9.5,4.7
5830,JP Morgan Chase,Machine Learning Engineer,3,16.9,13.0,22.0,7,9.0,4.225
8422,Freelancer.com,Machine Learning Engineer,0,5.1,2.0,8.4,7,6.4,5.1
5862,Jio Platforms,Machine Learning Engineer,0,10.9,6.7,16.8,7,10.100000000000001,10.9
3105,Monsoon CreditTech,Machine Learning Engineer,0,9.6,7.0,12.0,6,5.0,9.6
3086,L&T Technology Services,Machine Learning Engineer,1,5.3,4.4,7.0,6,2.5999999999999996,2.65
3394,Sysark,Machine Learning Engineer,1,3.7,3.1,4.5,6,1.4,1.85
7499,Lucida Technologies,Machine Learning Engineer,1,3.6,3.3,4.3,6,1.0,1.8
7243,Ignitarium Technology Solutions,Machine Learning Engineer,0,5.8,5.0,7.0,6,2.0,5.8
2489,Oracle,Machine Learning Engineer,1,20.7,20.0,22.0,6,2.0,10.35
6012,Samsung,Machine Learning Engineer,0,16.8,14.0,21.5,6,7.5,16.8
8657,Sri Ayyan Kendra Vidyalaya International School,Machine Learning Engineer,1,6.1,2.3,10.0,5,7.7,3.05
6584,Reflections Info Systems,Machine Learning Engineer,1,3.6,3.0,4.5,5,1.5,1.8
6406,Qualitas Technologies,Machine Learning Engineer,1,4.7,2.8,7.0,5,4.2,2.35
3804,Allstate,Machine Learning Engineer,5,12.1,11.2,13.0,5,1.8000000000000007,2.0166666666666666
1576,Barclays,Machine Learning Engineer,3,19.4,9.0,29.1,5,20.1,4.85
2744,Ericsson,Machine Learning Engineer,2,11.9,6.2,18.5,5,12.3,3.966666666666667
5013,Confidential,Machine Learning Engineer,1,7.4,5.9,9.0,5,3.0999999999999996,3.7
3456,Taglr Technologies,Machine Learning Engineer,0,6.3,4.5,10.0,5,5.5,6.3
6525,Takvaviya Analytics,Machine Learning Engineer,1,4.8,4.2,5.3,5,1.0999999999999996,2.4
1304,AAIC Technologies,Machine Learning Engineer,0,9.1,6.0,14.8,5,8.8,9.1
2171,CIMCON Software,Machine Learning Engineer,2,6.6,3.0,10.0,5,7.0,2.1999999999999997
6484,Siemens,Machine Learning Engineer,3,11.7,6.0,16.0,5,10.0,2.925
1122,Fractal Analytics,Machine Learning Engineer,4,19.4,15.0,25.0,5,10.0,3.88
6142,Metagogy Learning Systems,Machine Learning Engineer,0,3.7,3.0,4.2,5,1.2000000000000002,3.7
1869,EEGRAB,Machine Learning Engineer,1,5.1,3.5,7.2,5,3.7,2.55
7698,Digitalmain,Machine Learning Engineer,1,4.4,3.0,5.8,5,2.8,2.2
5256,Danaher,Machine Learning Engineer,6,24.8,24.0,26.0,5,2.0,3.542857142857143
1064,Phenom,Machine Learning Engineer,1,12.6,9.0,16.0,5,7.0,6.3
4348,Orange Business Services,Machine Learning Engineer,5,16.1,15.0,18.0,4,3.0,2.6833333333333336
5584,Calsoft,Machine Learning Engineer,1,10.9,6.0,25.0,4,19.0,5.45
1151,Hewlett-Packard Enterprise,Machine Learning Engineer,2,23.3,7.0,40.0,4,33.0,7.766666666666667
5171,Datamatics Global Services,Machine Learning Engineer,1,5.1,3.1,8.0,4,4.9,2.55
4016,Techolution,Machine Learning Engineer,4,10.0,7.0,14.0,4,7.0,2.0
8875,Intel,Machine Learning Engineer,1,14.4,10.5,16.1,4,5.600000000000001,7.2
6274,Accenture,Data Architect,8,24.6,15.8,33.0,55,17.2,2.7333333333333334
6618,TCS,Data Architect,8,19.9,13.0,30.0,49,17.0,2.211111111111111
2337,Fiserv,Data Architect,3,11.2,8.4,18.4,47,9.999999999999998,2.8
2022,IBM,Data Architect,10,19.6,13.5,29.0,44,15.5,1.781818181818182
4135,Cognizant,Data Architect,10,19.6,15.0,25.5,42,10.5,1.781818181818182
3034,Wipro,Data Architect,8,20.2,13.0,27.5,29,14.5,2.2444444444444445
6142,Globant,Data Architect,4,21.2,15.5,32.0,21,16.5,4.24
1839,Capgemini,Data Architect,10,22.6,16.0,32.0,19,16.0,2.0545454545454547
3084,Tech Mahindra,Data Architect,13,17.3,11.2,25.0,12,13.8,1.2357142857142858
8450,HCL Technologies,Data Architect,13,23.1,16.6,31.0,10,14.399999999999999,1.6500000000000001
8451,UST,Data Architect,9,26.8,16.0,45.0,9,29.0,2.68
1314,Adobe,Data Architect,9,32.6,30.0,37.0,8,7.0,3.2600000000000002
2672,Cgi Group,Data Architect,8,23.9,17.0,30.6,8,13.600000000000001,2.6555555555555554
7853,Infosys,Data Architect,13,19.8,11.9,32.0,8,20.1,1.4142857142857144
1848,JP Morgan Chase,Data Architect,8,35.1,27.0,45.0,8,18.0,3.9000000000000004
8820,Genpact,Data Architect,7,26.1,15.0,37.0,7,22.0,3.2625
8211,Ernst & Young,Data Architect,8,23.5,20.0,27.7,6,7.699999999999999,2.611111111111111
3608,Deloitte,Data Architect,11,27.6,21.2,32.3,6,11.099999999999998,2.3000000000000003
2239,PepsiCo,Data Architect,10,33.6,26.1,49.0,6,22.9,3.0545454545454547
3202,Anthology,Data Architect,11,25.5,25.0,26.3,6,1.3000000000000007,2.125
1941,DXC Technology,Data Architect,14,19.8,15.5,24.0,5,8.5,1.32
4478,Atos,Data Architect,12,22.8,17.2,35.7,5,18.500000000000004,1.7538461538461538
8902,ValueLabs,Data Architect,9,22.5,21.0,26.7,5,5.699999999999999,2.25
4813,Barclays,Data Architect,15,30.4,30.0,30.7,5,0.6999999999999993,1.9
2588,Ericsson,Data Architect,8,17.5,12.8,26.5,5,13.7,1.9444444444444444
7967,Vodafone Idea,Data Architect,10,25.8,21.3,30.0,5,8.7,2.3454545454545457
6303,IQVIA,Data Architect,8,28.6,25.0,34.0,5,9.0,3.177777777777778
3861,Amdocs,Data Architect,5,12.5,9.9,16.1,5,6.200000000000001,2.0833333333333335
7616,Mindtree,Data Architect,10,20.5,17.5,23.0,5,5.5,1.8636363636363635
7678,Mphasis,Data Architect,13,20.9,14.0,32.0,5,18.0,1.4928571428571427
1377,PwC,Data Architect,8,21.6,13.0,32.0,5,19.0,2.4000000000000004
5109,Happiest Minds Technologies,Data Architect,12,27.6,26.5,29.0,4,2.5,2.123076923076923
5994,Shell,Data Architect,14,35.7,33.6,38.0,4,4.399999999999999,2.3800000000000003
6714,Fidelity International,Data Architect,8,50.6,23.4,93.0,4,69.6,5.622222222222223
2842,Maveric Systems,Data Architect,9,19.0,19.0,19.0,4,0.0,1.9
5485,Webhelp,Data Architect,5,12.0,7.5,18.0,4,10.5,2.0
3847,Bajaj Finserv,Data Architect,6,33.1,19.0,42.5,4,23.5,4.728571428571429
1379,GlobalLogic,Data Architect,10,25.5,22.7,28.5,4,5.800000000000001,2.3181818181818183
1999,L&T Infotech,Data Architect,11,24.8,20.5,33.5,4,13.0,2.066666666666667
7143,Ab Inbev,Data Architect,14,29.8,26.1,31.0,4,4.899999999999999,1.9866666666666668
1125,Automatic Data Processing,Data Architect,7,36.5,14.0,102.0,4,88.0,4.5625
5862,Brillio,Data Architect,14,28.3,25.0,38.0,4,13.0,1.8866666666666667
3083,Whishworks It Consulting,Data Architect,13,29.8,20.0,37.0,4,17.0,2.1285714285714286
1459,ITC Infotech India,Data Architect,12,29.0,19.8,40.0,4,20.2,2.230769230769231
8528,IVY Comptech,Data Architect,12,21.8,17.0,29.0,4,12.0,1.676923076923077
3456,Collabera Technologies,Data Architect,8,17.0,12.0,23.1,4,11.100000000000001,1.8888888888888888
7737,Coforge,Data Architect,7,27.1,18.5,39.0,4,20.5,3.3875
5920,Hitachi,Data Architect,21,40.0,25.0,50.0,3,25.0,1.8181818181818181
8388,GE Power,Data Architect,7,16.7,14.9,19.0,3,4.1,2.0875
1385,T-Systems,Data Architect,16,33.3,33.0,34.0,3,1.0,1.9588235294117646
